source,destination,distance,transport_cost,transport_time,carbon_emission_factor,capacity
P1,W1,773.5299814525462,38.67649907262731,2.0,15.470599629050923,22035.132392670785
P1,W2,911.8335407978998,45.59167703989499,2.0,18.236670815957996,21393.619775098705
P1,W3,905.4336449719857,45.27168224859929,2.0,18.108672899439714,11475.477894181311
P1,W4,861.8505311757319,43.0925265587866,2.0,17.23701062351464,34382.57335919587
P1,W5,695.4131297581406,34.77065648790703,2.0,13.908262595162812,30107.16092915446
P1,W6,680.1329806289607,34.006649031448035,2.0,13.602659612579215,12059.150049999575
P1,W7,163.2191881189445,8.160959405947224,1.0,3.26438376237889,21145.858569464457
P1,W8,1015.2508641422646,50.76254320711323,2.0,20.30501728284529,46330.63543866615
P2,W1,661.6793687476173,33.08396843738087,2.0,13.233587374952346,19582.475626678897
P2,W2,587.6690143039842,29.383450715199213,1.0,11.753380286079684,15795.794883648923
P2,W3,678.6027652758954,33.930138263794774,2.0,13.572055305517909,29578.11041110252
P2,W4,524.251011903968,26.2125505951984,1.0,10.48502023807936,49426.01816442403
P2,W5,345.3521421618783,17.267607108093916,1.0,6.907042843237567,19682.210860460014
P2,W6,526.0390464402764,26.30195232201382,1.0,10.520780928805527,36885.421896235144
P2,W7,386.49842051652934,19.32492102582647,1.0,7.729968410330587,40464.7846131487
P2,W8,724.5810610532067,36.22905305266033,2.0,14.491621221064134,19505.501759695988
P3,W1,483.4727046157594,24.173635230787973,1.0,9.669454092315188,39128.65394447438
P3,W2,655.4177216166476,32.770886080832376,2.0,13.108354432332952,24711.32530877013
P3,W3,239.505537974825,11.97527689874125,1.0,4.7901107594965,35292.233223743184
P3,W4,200.55390005876404,10.027695002938202,1.0,4.011078001175281,35341.18843043579
P3,W5,366.1229981886205,18.306149909431024,1.0,7.32245996377241,31430.987362990338
P3,W6,382.4193064333933,19.120965321669665,1.0,7.648386128667866,13611.590802176332
P3,W7,959.4110478971619,47.970552394858096,2.0,19.188220957943237,43412.09982356952
P3,W8,143.97354861190385,7.198677430595193,1.0,2.879470972238077,22831.202598869433
P4,W1,438.75431446857004,21.937715723428504,1.0,8.775086289371401,17460.74041599417
P4,W2,625.2240477647942,31.261202388239713,2.0,12.504480955295886,11631.005662190557
P4,W3,268.9789017636431,13.448945088182155,1.0,5.3795780352728615,33635.71772752967
P4,W4,213.37645938069193,10.668822969034597,1.0,4.267529187613839,37102.5744736913
P4,W5,298.03390385780364,14.901695192890182,1.0,5.960678077156073,10663.513157114246
P4,W6,312.6477126145803,15.632385630729017,1.0,6.252954252291606,30483.72233197124
P4,W7,835.6694160572044,41.78347080286022,2.0,16.713388321144087,19059.83100791752
P4,W8,265.52437532381845,13.276218766190922,1.0,5.3104875064763695,35806.911616378
W1,R2,332.4439994810967,16.622199974054833,1.0,6.648879989621934,10801.030194508061
W1,R3,880.3388016659762,44.01694008329881,2.0,17.606776033319527,7062.814162189899
W1,R6,737.5781143884768,36.87890571942384,2.0,14.751562287769536,18160.090300714714
W1,R8,286.1192726828738,14.305963634143692,1.0,5.722385453657477,17258.333003018237
W1,R9,396.1011795797455,19.805058978987276,1.0,7.92202359159491,12944.758675340097
W1,R12,725.1855499767161,36.25927749883581,2.0,14.503710999534322,18506.270857449956
W1,R13,387.40882091522343,19.370441045761172,1.0,7.748176418304468,10085.446865730511
W1,R15,539.3252543606673,26.966262718033363,1.0,10.786505087213346,18456.653899288656
W1,R16,500.17977975411594,25.0089889877058,1.0,10.003595595082318,16698.133187864358
W1,R17,364.8957919649881,18.244789598249408,1.0,7.297915839299763,6262.0994749257325
W1,R19,826.0277879281017,41.301389396405085,2.0,16.520555758562033,14096.43589489385
W2,R2,728.8679418624786,36.44339709312393,2.0,14.577358837249571,5075.92375769328
W2,R4,938.6066064345316,46.930330321726586,2.0,18.772132128690632,15378.4279653904
W2,R5,146.10185250379178,7.305092625189589,1.0,2.9220370500758355,8364.039641908397
W2,R6,687.3020890175185,34.365104450875926,2.0,13.74604178035037,8558.736312452002
W2,R8,832.7951476984624,41.63975738492312,2.0,16.65590295396925,14744.49348570822
W2,R9,670.4374516779385,33.52187258389693,2.0,13.40874903355877,14864.19338450515
W2,R10,575.8181261226512,28.79090630613256,1.0,11.516362522453024,6405.121517421387
W2,R14,918.4559915465356,45.922799577326785,2.0,18.369119830930714,10896.465870001406
W2,R15,505.99391459532967,25.299695729766484,1.0,10.119878291906593,14467.079389958943
W2,R16,569.1482034876918,28.45741017438459,1.0,11.382964069753838,12539.556396577882
W2,R17,887.1484448175268,44.35742224087634,2.0,17.742968896350536,12387.765407282957
W2,R19,573.6016075743036,28.68008037871518,1.0,11.472032151486072,9211.585436612837
W3,R1,192.95167075406678,9.64758353770334,1.0,3.8590334150813357,7656.660191105734
W3,R2,190.5351388304594,9.52675694152297,1.0,3.810702776609188,19308.928655038813
W3,R3,723.2907815987636,36.16453907993818,2.0,14.465815631975273,10552.380503831666
W3,R5,777.6100026763005,38.880500133815026,2.0,15.55220005352601,11422.762224759714
W3,R6,796.1434142611727,39.80717071305864,2.0,15.922868285223453,19454.299656338793
W3,R7,56.84331406856461,2.842165703428231,1.0,1.1368662813712922,9416.733381043785
W3,R9,227.600325650841,11.380016282542051,1.0,4.55200651301682,9753.830077344166
W3,R11,642.7767419479154,32.13883709739577,2.0,12.855534838958308,19042.321612411717
W3,R12,720.5569799163791,36.02784899581896,2.0,14.411139598327582,13550.917551340475
W3,R14,207.5760233388561,10.378801166942806,1.0,4.1515204667771215,19850.80775156395
W3,R16,317.566564478075,15.87832822390375,1.0,6.3513312895615,18160.596078919334
W3,R17,78.58863197279254,3.9294315986396273,1.0,1.5717726394558509,15455.23611492902
W3,R18,844.2913598483768,42.21456799241884,2.0,16.885827196967536,10392.367268296328
W3,R20,803.6040546577865,40.18020273288933,2.0,16.07208109315573,17151.70092018771
W4,R1,348.13116018174395,17.4065580090872,1.0,6.962623203634879,18698.60828834707
W4,R2,317.79078098803575,15.889539049401789,1.0,6.355815619760715,12522.744420307994
W4,R3,307.6003972700313,15.380019863501566,1.0,6.1520079454006265,14749.458961666478
W4,R4,908.146395424306,45.4073197712153,2.0,18.16292790848612,16936.890041541516
W4,R5,340.8198620670219,17.040993103351095,1.0,6.816397241340439,10069.927352773037
W4,R8,527.4931577304131,26.37465788652066,1.0,10.549863154608262,5539.134106951131
W4,R10,647.6512774239474,32.38256387119737,2.0,12.953025548478948,9298.118781924266
W4,R11,218.08157214627124,10.904078607313563,1.0,4.361631442925425,5457.503749085741
W4,R13,406.3628574864207,20.318142874321037,1.0,8.127257149728415,10402.859621168944
W4,R15,192.78358043798573,9.639179021899288,1.0,3.8556716087597147,16549.903296479162
W4,R17,431.60909841774776,21.58045492088739,1.0,8.632181968354955,6280.2119749065205
W4,R19,634.8890490788539,31.744452453942696,2.0,12.697780981577077,13109.526824151599
W4,R20,402.58773016364364,20.129386508182183,1.0,8.051754603272872,15891.370005839923
W5,R1,412.1769331039441,20.60884665519721,1.0,8.243538662078883,12744.505224517929
W5,R3,182.75393343006186,9.137696671503093,1.0,3.6550786686012375,9062.483768931113
W5,R7,555.6680631092792,27.783403155463958,1.0,11.113361262185583,17539.701807683086
W5,R8,492.79623343724325,24.639811671862162,1.0,9.855924668744866,11134.294166214047
W5,R12,321.3485040436727,16.067425202183635,1.0,6.426970080873454,15718.938840500936
W5,R13,353.39397451149574,17.669698725574786,1.0,7.067879490229915,9199.008454189143
W5,R14,648.8804628718076,32.44402314359038,2.0,12.977609257436152,16068.453750436527
W5,R15,163.6758527190498,8.183792635952491,1.0,3.273517054380996,14175.811193515283
W5,R19,428.95010009649684,21.447505004824844,1.0,8.579002001929936,5215.902329446338
W6,R3,738.7652640558338,36.93826320279169,2.0,14.775305281116676,15554.867890700356
W6,R11,679.4295023201174,33.97147511600587,2.0,13.588590046402349,14526.404763014658
W6,R14,464.866968715627,23.243348435781353,1.0,9.297339374312541,12547.043878701315
W6,R15,398.47298671243266,19.923649335621633,1.0,7.9694597342486535,14880.404474284174
W6,R18,838.6853706048782,41.93426853024391,2.0,16.773707412097565,5397.669658124327
W6,R19,692.0576154765472,34.60288077382736,2.0,13.841152309530944,19103.453621374363
W6,R20,794.0697063378719,39.7034853168936,2.0,15.881394126757439,10822.548893097828
W7,R1,831.9433310059596,41.597166550297985,2.0,16.63886662011919,11873.79335737275
W7,R2,846.4377540983564,42.32188770491783,2.0,16.92875508196713,19121.972131647875
W7,R4,131.42340457581813,6.571170228790907,1.0,2.6284680915163627,18580.25962934096
W7,R10,302.0374706633058,15.10187353316529,1.0,6.0407494132661155,6067.829726903435
W7,R12,397.9862176759509,19.899310883797547,1.0,7.959724353519018,5349.079036037388
W7,R13,626.1393681937388,31.306968409686945,2.0,12.522787363874777,9227.821621600999
W7,R15,734.8455129294189,36.742275646470944,2.0,14.696910258588378,14434.14270169826
W7,R16,843.2506798659207,42.16253399329604,2.0,16.865013597318413,16026.065657058287
W7,R17,1083.4989751745256,54.17494875872629,2.0,21.669979503490513,9230.518588569597
W7,R19,306.9857778419212,15.349288892096062,1.0,6.139715556838425,17102.52108900896
W7,R20,752.9322996070001,37.64661498035001,2.0,15.058645992140002,11189.265153671397
W8,R2,281.3905691579151,14.069528457895755,1.0,5.627811383158302,10112.053103795268
W8,R3,608.4773149733778,30.42386574866889,2.0,12.169546299467557,17876.19127764518
W8,R5,625.0102227586254,31.250511137931273,2.0,12.50020445517251,16318.143111270236
W8,R7,281.60924068082807,14.080462034041403,1.0,5.632184813616561,12578.785586717857
W8,R8,551.5606560897176,27.57803280448588,1.0,11.031213121794352,9800.744015459175
W8,R9,257.28287664906946,12.864143832453474,1.0,5.14565753298139,10838.025181012446
W8,R11,518.1961185927174,25.909805929635873,1.0,10.363922371854349,6369.300151792004
W8,R13,492.12177503315974,24.60608875165799,1.0,9.842435500663195,19259.10720406334
W8,R14,165.69318276572602,8.284659138286301,1.0,3.3138636553145204,14477.558182546989
W8,R18,737.3105649245443,36.86552824622722,2.0,14.746211298490888,16285.6179415652
W8,R19,867.8700570632302,43.393502853161515,2.0,17.357401141264603,16844.272141918307
