period,strategy,real_fill_rate,real_unmet_kt,real_cost_total_musd,real_cost_supply_chain_musd,real_cost_logistics_musd,real_co2_total_kt,real_emergency_imports_kt,real_export_short_kt,real_demand_kt,real_fill_volume
2018-2019,BAU rule,1.0,0.0,2855745.267491269,2822475.2358327736,97164.15604580095,1551667.8995058173,6096.064041056494,0.0,4183246.9980530706,1.0
2018-2019,MILP P50,1.0,0.0,2830028.035849636,2811272.690296537,95835.71492113672,1541472.5206182878,1769.0501710478447,0.0,4183246.9980530706,1.0
2018-2019,MILP P50 + CO2 $100/t,1.0,0.0,2831371.7094971803,2806564.2517371965,96027.77253408913,1527149.0675240732,1094.3620502624685,0.0,4183246.9980530706,1.0
2018-2019,MILP P50 + GAT risk,1.0,0.0,2828267.9486046797,2816878.1602714565,95998.19642452314,1547099.4950012371,751.9220775932315,0.0,4183246.9980530706,1.0
2018-2019,MILP P50 + XGB risk,1.0,0.0,2828248.7920328593,2816720.056381496,95970.82905774639,1546871.7089586016,832.7466204238704,0.0,4183246.9980530706,1.0
2018-2019,MILP P90,1.0,0.0,2829527.449641276,2829527.449641276,95914.86868036342,1572876.8812362796,0.0,0.0,4183246.9980530706,1.0
2018-2019,Perfect information,1.0,0.0,2825111.3639844363,2825031.756646541,96736.05499171955,1547528.8812866188,21.66057368880739,0.0,4183246.9980530706,1.0
2020-2021,BAU rule,1.0,0.0,2295060.696084359,2261196.585277685,89108.06525965605,1451208.6276167734,27018.21494383192,0.0,3751358.4391885535,1.0
2020-2021,MILP P50,1.0,0.0,2248921.0578055526,2223006.236356701,88657.2988504501,1456788.5704662716,14609.960528989974,0.0,3751358.4391885535,1.0
2020-2021,MILP P50 + CO2 $100/t,1.0,0.0,2255938.249197646,2213003.214611917,89071.71913099126,1410121.4735601197,27407.999183030162,814.1440251502436,3751358.4391885535,1.0
2020-2021,MILP P50 + GAT risk,1.0,0.0,2248668.9839793784,2223634.4007603917,88461.05172433687,1460331.2185317941,14608.12968170584,91.49185925134987,3751358.4391885535,1.0
2020-2021,MILP P50 + XGB risk,1.0,0.0,2248600.2668078262,2223484.125852938,88513.91193534192,1459319.5977713352,14678.193726802441,25.222440773928906,3751358.4391885535,1.0
2020-2021,MILP P90,1.0,0.0,2255958.415060593,2246148.327509151,88118.52378343332,1503750.531070412,2554.7822198823346,0.0,3751358.4391885535,1.0
2020-2021,Perfect information,1.0,0.0,2229821.493973438,2223739.726961433,88889.97450403382,1461887.590015447,1359.2808903760447,0.0,3751358.4391885535,1.0
all,BAU rule,1.0,0.0,5150805.963575628,5083671.821110458,186272.221305457,3002876.5271225907,33114.27898488841,0.0,7934605.437241624,1.0
all,MILP P50,1.0,0.0,5078949.093655189,5034278.926653238,184493.01377158682,2998261.0910845594,16379.01070003782,0.0,7934605.437241624,1.0
all,MILP P50 + CO2 $100/t,1.0,0.0,5087309.958694826,5019567.466349113,185099.4916650804,2937270.541084193,28502.361233292628,814.1440251502436,7934605.437241624,1.0
all,MILP P50 + GAT risk,1.0,0.0,5076936.932584058,5040512.561031848,184459.24814886,3007430.7135330313,15360.05175929907,91.49185925134987,7934605.437241624,1.0
all,MILP P50 + XGB risk,1.0,0.0,5076849.0588406855,5040204.1822344335,184484.74099308832,3006191.3067299365,15510.940347226311,25.222440773928906,7934605.437241624,1.0
all,MILP P90,1.0,0.0,5085485.864701869,5075675.777150427,184033.39246379674,3076627.4123066915,2554.7822198823346,0.0,7934605.437241624,1.0
all,Perfect information,1.0,0.0,5054932.857957874,5048771.483607974,185626.02949575335,3009416.4713020655,1380.9414640648522,0.0,7934605.437241624,1.0
