origin,lambda_usd_per_t,cost_supply_chain_musd,cost_total_musd,co2_total_kt,co2_refining_kt,co2_transport_kt,co2_imports_kt,fill_rate,crude_kbbl,imports_kt,surplus_exports_kt,co2_intensity,logistics_musd
2019-01-01,0,93283.22628582169,93283.22628582169,62473.13952824285,55849.17165848437,1794.2641830516382,4491.582049199888,1.0,1529002.4414854806,13327.218868128395,3030.0040739256638,364.662188818194,4019.6885347870734
2019-01-01,25,93284.30654903331,93284.30654903331,62383.59518755814,55860.51581703855,1793.6999648202755,4375.594433112104,1.0,1529470.1947968374,12964.35020108263,3030.0040739256638,364.13950922314007,4022.537587266785
2019-01-01,50,93287.10347437477,93287.10347437477,62303.75746020214,55873.078149056506,1760.1945009638007,4309.596842278544,1.0,1529988.1770140023,12767.361905349702,3030.0040739256638,363.6734881358735,4025.9691221906737
2019-01-01,100,93316.1946012685,93316.1946012685,61953.87462483785,55678.12360166374,1735.1832294236826,4153.144389068364,1.0,1525442.7211608037,12300.290896284427,2512.8272933302424,361.6311857714121,4016.166730862445
2019-01-01,200,93135.06417137061,93429.46049202503,61176.15392712303,54772.06510571633,1672.8145150277694,4331.898171617799,1.0,1502819.1014908238,12858.173290044067,1246.522750544852,357.09154947236414,3973.049417681791
2019-01-01,400,87212.80239208689,94703.37169261575,56940.08899561868,52848.674330660826,1660.445000846415,2023.8625336368102,1.0,1451858.0968760813,6054.735931584442,398.11084381382295,332.36519953120217,3899.3605282874114
2019-02-01,0,96916.9263217918,96916.9263217918,61452.49020040352,56327.34121841464,1732.3948022560726,3041.441910721725,1.0,1538708.490330026,9028.483462436088,2971.2111684370198,362.5370359654772,3905.3948925727263
2019-02-01,25,96918.40870147642,96918.40870147642,61318.901843825246,56405.2980090047,1742.6309847645978,2799.945516483802,1.0,1541959.5293601637,8291.208105192567,2971.2111684370198,361.7489356513085,3917.5881983513477
2019-02-01,50,96920.48255480135,96920.48255480135,61248.464968166896,56424.66549521539,1703.6849081164814,2745.280868724592,1.0,1542767.2133747314,8129.8728123304445,2971.2111684370198,361.3333955154967,3922.470199438971
2019-02-01,100,96927.12052849191,96927.12052849191,61148.76957422945,56424.66549521539,1694.5374951725867,2639.3730590637083,1.0,1542767.2133747314,7822.676238983719,2971.2111684370198,360.745245669988,3916.587012283001
2019-02-01,200,96961.40902220628,97021.1364332447,60456.84466571877,55987.08230133378,1645.2500992527612,2420.3172896563533,1.0,1532876.594914678,7185.863505846322,1481.7718120105294,356.6632564027654,3924.0190565802095
2019-02-01,400,92540.58223023984,98062.98729856167,57043.89401083577,53350.105808026914,1617.6755284549597,1661.5250019613197,1.0,1463720.159493313,4957.012512482841,388.504440534545,336.528661201128,3812.4254643953204
2019-03-01,0,108629.87457073796,108629.87457073796,63471.065472217466,58005.69482810888,1797.265252025581,3318.6092634033516,1.0,1585755.983579198,9829.015126766932,3019.956871818139,367.5001431414209,4010.486363902617
2019-03-01,25,108629.86352283333,108629.86352283333,63374.86286557268,58030.80048351062,1801.3352666988173,3177.1516390552983,1.0,1586818.3158899383,9394.598617936539,3019.956871818139,366.9431259958995,4015.235341417412
2019-03-01,50,108633.43451809316,108633.43451809316,63275.25304343225,58033.34589777315,1762.6097925680701,3104.5329605853117,1.0,1587413.9419905767,9164.183941404599,3019.956871818139,366.3663809291112,4024.2964679079805
2019-03-01,100,108640.06426797403,108640.06426797403,63184.981614314056,58016.035340490904,1758.551090032911,3019.4414439628204,1.0,1586968.1101116072,8897.515578786906,3019.956871818139,365.84370555135126,4030.586091117737
2019-03-01,200,108723.66862003246,108744.87237939496,62570.417371894066,58134.66914116102,1716.5821491229249,2316.5233993972693,1.0,1591213.4622953811,6830.190219434965,1712.3122456254002,362.2853526959418,4054.1121809867864
2019-03-01,400,105297.61647068182,109541.01580441702,59925.670871211965,56488.331097628885,1707.3911253071894,1321.5420625827905,1.0,1551396.9452234036,3931.670278282707,1048.6379370849947,346.9721590329351,4001.565103215942
2019-04-01,0,116538.65890202197,116538.65890202197,64195.34381331008,58710.55750350273,1754.8542726002522,3396.809234377184,1.0,1606744.574127014,10094.26788682506,3523.9835954013756,371.69271903249,3984.7103124202827
2019-04-01,25,116540.8198179171,116540.8198179171,64074.663972327784,58704.07222708429,1731.7237143752232,3290.8629430007336,1.0,1606468.9582853967,9769.274830781265,3467.3942014389263,370.9939795980917,3986.89246932692
2019-04-01,50,116546.56265880178,116546.56265880178,63929.56016916624,58561.556549055545,1703.2256901176156,3302.4760026958543,1.0,1600412.2266969255,9789.900332659938,3131.3548972740264,370.1538247841239,3965.5954264065335
2019-04-01,100,116565.95043108285,116565.95043108285,63701.209606728735,58585.447198171256,1705.7302155038071,3031.418691263597,1.0,1601427.5483174636,8964.532364866249,2739.941088386968,368.8316690575057,3974.9411610919037
2019-04-01,200,116598.40368922213,116634.06972555962,63200.62727131749,58440.85704467556,1670.9405024933233,2698.4369464728243,1.0,1598760.7670668121,7977.980796108135,1692.3858379854,365.9332842480133,3992.5194254182497
2019-04-01,400,115911.67253945771,116837.80550759484,62411.09035812757,58191.98478673317,1680.1544233879088,2149.9120814237012,1.0,1596287.2941494614,6391.343972496128,1550.5946093005407,361.3618448786172,4020.857517534531
2019-05-01,0,126839.58236421853,126839.58236421853,65618.34950260248,60286.86526694343,1776.9070126259303,3227.1336139090017,1.0,1646049.583740897,9595.298109223622,4387.278592177086,375.03448334309707,4047.1128767076534
2019-05-01,25,126839.55881781895,126839.55881781895,65528.113159724526,60286.86526694343,1762.591388572243,3137.3517916910537,1.0,1646049.583740897,9318.076041350092,4387.278592177083,374.51874741729995,4047.089330308063
2019-05-01,50,126842.29179472006,126842.29179472006,65459.55680647479,60286.86526694343,1746.0776406431262,3075.408264363676,1.0,1646049.583740897,9120.057601214843,4387.278592177083,374.12692109561107,4049.822307209175
2019-05-01,100,126848.8242693891,126848.8242693891,65375.43912022166,60286.86526694343,1747.1616716273713,2974.3586410119033,1.0,1646049.583740897,8803.099478926966,4387.278592177083,373.64615568101146,4057.114874708893
2019-05-01,200,126840.45530402125,126869.811546515,65238.00308785462,60286.86526694343,1709.7757063463619,2861.588808985426,1.0,1646049.583740897,8488.267989897655,4387.278592177085,372.86065510408133,4073.539183309756
2019-05-01,400,126354.67836705738,127251.47344305358,63860.129035441816,59238.69115936947,1671.5059967509378,2566.114698783792,1.0,1617300.2079264498,7644.637194761362,1940.9537737930384,364.985567003336,4014.042453478982
2019-06-01,0,124067.13101727255,124067.13101727255,65585.80612342464,60613.58054883736,1768.8749008255375,2871.4573807620473,1.0,1655400.2464799997,8554.432674364212,4482.904467710048,372.4580816866487,4067.1172727610365
2019-06-01,25,124068.77976394045,124068.77976394045,65523.96368996927,60613.58054883736,1767.924932645087,2799.1050642764326,1.0,1655400.2464799997,8325.235650150202,4482.9044677100455,372.1068820065187,4068.0981794210115
2019-06-01,50,124071.42450148177,124071.42450148177,65450.525648843126,60613.58054883736,1752.6362827844998,2730.116907881518,1.0,1655400.2464799997,8108.46034756307,4482.904467710045,371.6898315265841,4070.7429169623415
2019-06-01,100,124079.40043911015,124079.40043911015,65334.69599425223,60613.58054883736,1752.3567124573758,2594.4657952096636,1.0,1655400.2464799997,7706.439779401508,4482.904467710046,371.0320414725873,4079.386694598631
2019-06-01,200,124167.3415351226,124167.3415351226,64616.47360974125,59220.02177360139,1681.8244518550061,3323.985929340726,1.0,1615516.2899083598,9900.948009885473,2250.634751920389,366.9532971928272,4018.3969018799826
2019-06-01,400,123599.95315335077,124498.25942171158,63405.44366789374,58986.988973895815,1679.6651491777175,2351.896682358753,1.0,1612331.162655058,7030.530845404639,652.828062653668,360.0759266813361,4024.821726760945
2019-07-01,0,112369.14634149805,112369.14634149805,64600.031501777354,59661.37702854128,1758.6171140962863,2841.33828132962,1.0,1628147.7799692417,8468.027392197193,3928.378095544851,372.5274770686612,4005.801353977786
2019-07-01,25,112373.11022449013,112373.11022449013,64162.64667349626,58945.82585536404,1721.07854437886,3135.4826546622385,1.0,1607668.5490799996,9335.591392298596,2779.8923796207905,370.00522030191047,3970.1241554374797
2019-07-01,50,112384.98689849288,112384.98689849288,63818.319139327265,58641.38171051546,1699.8558959772286,3108.995269858714,1.0,1598955.291148288,9254.431515854027,1813.7813311896718,368.019594836918,3961.9446249571374
2019-07-01,100,112412.17783223263,112412.17783223263,63393.381643000466,58630.40909070666,1708.3188193425485,2666.292487585959,1.0,1598641.2523723796,7914.39890991319,842.2892941159224,365.56911780558494,3982.436571346078
2019-07-01,200,112374.47137689259,112430.84376333468,63261.894105296065,58622.48782531425,1669.5049501461983,2575.152214707408,1.0,1598414.5440264405,7651.911612834678,829.9778295685109,364.81087172507574,3989.499687099536
2019-07-01,400,111611.39977460023,112687.05423980288,62358.35703562743,57885.56078623972,1630.097855399528,2452.0072304737732,1.0,1581602.636064183,7316.337747605811,405.37944529920003,359.6004658293386,3946.8745629398445
2019-08-01,0,113223.8609061217,113223.8609061217,63408.18596054291,58997.65752857396,1813.6782644334467,2244.905154819437,1.0,1610748.141449977,6697.586028977472,2973.8541560877115,361.3720421933264,4050.237914814035
2019-08-01,25,113226.25201143706,113226.25201143706,63279.735307897834,58988.97349138573,1811.962139593161,2103.935461288942,1.0,1610384.2175838847,6258.223556710616,2953.7792021355403,360.6399841165301,4051.8934194176823
2019-08-01,50,113229.41989106474,113229.41989106474,63184.56648564513,58928.63180124299,1770.2896491229722,2104.2796329946154,1.0,1607855.465036272,6260.3727547418,2814.286864095711,360.09760380506697,4050.637044815787
2019-08-01,100,113238.55275690988,113238.55275690988,63054.020778391416,58928.63180124299,1772.8319914870865,1947.0290935658577,1.0,1607855.465036272,5777.122958523292,2814.286864095708,359.3536057216144,4059.769910660927
2019-08-01,200,113205.65649762544,113267.99252453881,62847.4502681137,58791.636613693096,1713.0082941662058,1929.90840480376,1.0,1603257.8022532417,5741.379603463485,2558.1756619284847,358.1763317462569,4058.95287567959
2019-08-01,400,112708.23542652665,113539.04939726592,61829.26186097951,57940.14117879671,1680.9617900082794,1794.3054028827225,1.0,1583074.212363687,5382.650378746137,1418.0310667560468,352.37353486049494,4017.371914809336
2019-09-01,0,106818.17054963871,106818.17054963871,63622.746459826725,57490.96924917881,1716.923025858291,4094.3555157366714,1.0,1570630.3965113435,12203.250122651138,3299.432887068007,366.72968962441865,3942.7226430962014
2019-09-01,25,106822.18350726704,106822.18350726704,63362.77091887806,57498.47030388868,1717.2948400944017,3808.7048565508894,1.0,1570944.5089897728,11328.228567101378,2814.2286502312045,365.23115718520296,3943.8606170695125
2019-09-01,50,106836.50601985015,106836.50601985015,62960.539609873114,57616.81592779247,1699.5463300333363,3297.220851728991,1.0,1575900.323694968,9805.251562317757,1997.196061278077,362.9126442112032,3972.351696470422
2019-09-01,100,106837.63814884676,106848.30081608819,62784.2760995306,57616.81592779247,1699.2716105853858,3101.183778100176,1.0,1575900.3236949681,9210.407911679886,1843.8201765575996,361.89663867801175,3980.588284669884
2019-09-01,200,106761.92841056656,106872.76139891111,62611.40306653035,57630.003617050184,1659.194876422506,2950.105943831378,1.0,1576452.5684015749,8759.582560562647,1843.8201765575996,360.9001762920843,3987.4767261173038
2019-09-01,400,105737.65035180256,107125.6635499192,61667.235243578056,57754.68348029883,1664.7133267892752,1877.252114758578,1.0,1581673.6342876416,5601.8724575357155,1843.8201765575996,355.45787158297696,4008.8712371203333
2019-10-01,0,111772.29442200084,111772.29442200084,64626.233035161174,57223.86478172807,1682.8408069336551,5398.230543968971,1.0,1562154.2589593849,16166.261229119596,3260.891187014107,369.2677171397304,3938.6939501204456
2019-10-01,25,111774.19179720113,111774.19179720113,64546.824368485315,57223.86478172807,1680.8137311244952,5306.363197006706,1.0,1562154.2589593849,15876.546107208156,3260.891187014107,368.8139841014989,3940.591325320744
2019-10-01,50,111778.06789009753,111778.06789009753,64439.4600658028,57223.86478172807,1659.647333431906,5204.683361773671,1.0,1562154.2589593849,15566.907502346037,3260.891187014107,368.2005154047809,3944.6022303659483
2019-10-01,100,111783.1031674034,111783.1031674034,64353.46015102818,57223.64837277637,1655.0741135145681,5108.479035717772,1.0,1562145.1522138165,15267.998476351153,3260.891187014107,367.70912064584826,3949.596363887807
2019-10-01,200,111752.09133508499,111830.75749019912,64066.265614391785,57279.349215384325,1621.5417860311272,4793.784531773549,1.0,1564489.109788465,14341.108233054047,2909.1797746773163,366.0681202975683,3965.603923141191
2019-10-01,400,109315.54707762704,112486.21263102486,61911.061078360544,57608.723437193396,1659.4340249835116,2272.363412042834,1.0,1578349.5680141542,6820.1077300350435,1771.6399446275996,353.7535009609213,4007.00577242062
2019-11-01,0,108091.24292605791,108091.24292605791,65321.87777443238,57827.65068457056,1770.9124052565314,5414.654915723229,1.0,1579954.9221425958,16143.607657692,3319.333525517276,377.0536290532548,4025.92440248738
2019-11-01,25,108094.31293265645,108094.31293265645,65134.5829960727,57827.65068457056,1729.9846962411816,5243.6823785927445,1.0,1579954.9221425958,15651.498301968983,3319.333525517276,375.97251843167857,4006.436406978874
2019-11-01,50,108098.19501852713,108098.19501852713,65033.7423281866,57827.65068457056,1707.5812335626301,5151.230654753014,1.0,1579954.9221425958,15371.207929325292,3319.333525517276,375.3904417817405,4010.318492849525
2019-11-01,100,108104.98616951803,108104.98616951803,64935.20490819625,57827.65068457056,1710.9626223118914,5030.078414096011,1.0,1579954.9221425958,14986.539290977424,3319.333525517276,374.8216600340202,4017.109643840431
2019-11-01,200,107948.01267901555,108134.61699970686,64745.79691905157,57854.47760035703,1665.522509967474,4857.407779151179,1.0,1581100.4867921276,14495.874235497833,3319.333525517276,373.7283514502515,4016.8242188765694
2019-11-01,400,103352.06157715018,109288.59910385759,61123.853469923466,58109.07435578286,1703.5035086836467,938.8474922795732,1.0,1593508.1419433076,2859.873659225331,1826.6177512386,352.8216205317789,4033.009397982243
2019-12-01,0,107373.63806634129,107373.63806634129,62406.39198878688,56400.384548199436,1779.1614438924616,3891.5220246231174,1.0,1544378.289456963,11640.859783456795,2720.4634419508234,368.21980747105204,3985.9884897998973
2019-12-01,25,107375.00086298211,107375.00086298211,62319.254674858304,56400.384548199436,1778.436010084485,3789.6226084804916,1.0,1544378.289456963,11331.109063016333,2720.4634419508234,367.70566646825074,3987.351286440734
2019-12-01,50,107380.1060649342,107380.1060649342,62184.06951872011,56400.384548199436,1737.5858158463288,3677.530097425625,1.0,1544378.289456963,10975.958079919652,2720.4634419508234,366.9080261852635,3992.398904362641
2019-12-01,100,107417.29755031501,107417.29755031501,61710.63738405262,56535.52407045715,1744.5371279890342,3042.39978697539,1.0,1550209.921514164,9061.348150449365,1816.3153745225998,364.1146089739433,4028.7528670985685
2019-12-01,200,107396.65759847264,107439.06906938826,61556.220770620064,56518.60878884614,1680.6856746875008,2959.4795906189584,1.0,1549479.9818425467,8850.657173671007,1816.3153745225998,363.2034962840976,4016.350248696615
2019-12-01,400,103215.06842376542,108276.06987560411,58872.385206116305,56618.34922788053,1679.9109416643998,170.06234828350398,1.0,1553784.0487206508,507.9599328737429,1816.3153745225998,347.3679162521178,3981.7670539333203
