,EC,AP,2A,2B,2C,3A,3B,3C,3D,3E,P4,P5
EC,0.51930225,0.4806978,0.0,0.0,0.0,0.0,0.0,0.0,0.0,0.0,0.0,0.0
AP,0.38877487,0.35111257,0.26011258,0.0,0.0,0.0,0.0,0.0,0.0,0.0,0.0,0.0
2A,0.0,0.23522662,0.15996012,0.29601857,0.30879465,0.0,0.0,0.0,0.0,0.0,0.0,0.0
2B,0.0,0.0,0.2152726,0.3871798,0.39754766,0.0,0.0,0.0,0.0,0.0,0.0,0.0
2C,0.0,0.0,0.06949622,0.15044217,0.17221184,0.18560341,0.09422414,0.11432064,0.09582768,0.11787381,0.0,0.0
3A,0.0,0.0,0.0,0.0,0.21341506,0.2372366,0.1221668,0.15054478,0.12419254,0.15244426,0.0,0.0
3B,0.0,0.0,0.0,0.0,0.19507124,0.2488483,0.12529747,0.15601365,0.12334806,0.15142132,0.0,0.0
3C,0.0,0.0,0.0,0.0,0.21377428,0.23531939,0.12498475,0.14898156,0.12569948,0.15124053,0.0,0.0
3D,0.0,0.0,0.0,0.0,0.22074208,0.23821132,0.12068299,0.14759503,0.12255631,0.1502123,0.0,0.0
3E,0.0,0.0,0.0,0.0,0.20055433,0.23977521,0.12480619,0.15306376,0.12800942,0.15379097,0.0,0.0
P4,0.0,0.0,0.0,0.0,0.0,0.0,0.0,0.0,0.0,0.0,1.0,0.0
P5,0.0,0.0,0.0,0.0,0.0,0.0,0.0,0.0,0.0,0.0,0.0,1.0
