sample,strategy,fill_rate,unmet_kt,cost_total_musd,cost_supply_chain_musd,co2_total_kt,emergency_imports_kt
0,BAU rule,1.0,0.0,114241.45351121385,113975.70902808549,63299.652494420436,0.0
0,MILP P50,1.0,0.0,113013.08460899824,112941.81682096382,63076.78122854723,0.0
0,MILP P90,1.0,0.0,113057.01868008195,113057.01868008195,63491.96641220001,0.0
0,MILP P50 + XGB risk,1.0,0.0,112990.56183478505,112914.54903057982,63020.18058558946,0.0
1,BAU rule,1.0,0.0,115509.43233129455,115281.47857987549,64133.71969096381,0.0
1,MILP P50,1.0,0.0,114771.96297791057,113188.38335565347,62960.047108783925,21.73578076928561
1,MILP P90,1.0,0.0,114421.64484967105,114421.64484967105,64399.43403632216,0.0
1,MILP P50 + XGB risk,1.0,0.0,114494.74526008846,113982.13561375013,63609.34849819924,0.0
2,BAU rule,1.0,0.0,116882.87821739487,116609.72542131219,65050.130246388195,0.0
2,MILP P50,1.0,0.0,116273.711731368,115316.10079947232,63912.83064566188,0.0
2,MILP P90,1.0,0.0,115984.81385699958,115984.81385699958,65841.48346661244,0.0
2,MILP P50 + XGB risk,1.0,0.0,116035.6171535668,115955.2169857605,64380.49797529247,0.0
3,BAU rule,1.0,0.0,112494.03705052046,112241.35988624288,62597.7189537876,0.0
3,MILP P50,1.0,0.0,111289.8777142618,111266.94346195855,62412.667197614406,0.0
3,MILP P90,1.0,0.0,111327.02364830673,111327.02364830673,62804.91341131297,0.0
3,MILP P50 + XGB risk,1.0,0.0,111260.35899583003,111221.27162886159,62327.33612579011,0.0
4,BAU rule,1.0,0.0,119306.80447201787,119016.90646091587,66452.49110137034,0.0
4,MILP P50,1.0,0.0,119409.84330582352,116226.25099428969,64116.154136611694,551.4667698713681
4,MILP P90,1.0,0.0,118562.89639901117,118562.89639901117,65977.15116366102,0.0
4,MILP P50 + XGB risk,1.0,0.0,119047.00564595046,116873.84038501147,64601.32906188753,0.0
5,BAU rule,1.0,0.0,111968.82444591157,111744.55606702046,62569.854269282485,0.0
5,MILP P50,1.0,0.0,110914.07811167432,110527.02109316704,62165.492037083524,0.0
5,MILP P90,1.0,0.0,110872.29373182706,110872.29373182706,62763.28833075858,0.0
5,MILP P50 + XGB risk,1.0,0.0,110840.49138781644,110840.49138781644,62377.736794546094,0.0
6,BAU rule,1.0,0.0,111696.84977221128,111424.7675147815,62315.40782359562,0.0
6,MILP P50,1.0,0.0,110394.09182991894,110394.09182991894,62041.31703955053,0.0
6,MILP P90,1.0,0.0,110495.34722332396,110495.34722332396,62510.001177901766,0.0
6,MILP P50 + XGB risk,1.0,0.0,110383.08724661669,110383.08724661669,62011.61683464679,0.0
7,BAU rule,1.0,0.0,115498.67408442951,115254.91155013637,64008.55897891207,0.0
7,MILP P50,1.0,0.0,114378.73126714207,114270.67642434378,63803.74044190182,0.0
7,MILP P90,1.0,0.0,114377.86163144336,114377.86163144336,64228.93021482625,0.0
7,MILP P50 + XGB risk,1.0,0.0,114325.03375128486,114312.46618007252,63786.48541334695,0.0
8,BAU rule,1.0,0.0,115277.63572873078,114983.00404005314,63925.06638927135,0.0
8,MILP P50,1.0,0.0,114540.36465459653,113967.06100942679,63363.16979142729,0.0
8,MILP P90,1.0,0.0,114341.45488549881,114341.45488549881,65279.00739755934,0.0
8,MILP P50 + XGB risk,1.0,0.0,114378.67511101768,114290.08025374018,63821.88620322472,0.0
9,BAU rule,1.0,0.0,117583.58809629764,115553.23626841056,64081.95971856683,0.0
9,MILP P50,1.0,0.0,117695.4341111762,113852.75217545078,62428.36181431293,4708.342503347826
9,MILP P90,1.0,0.0,117132.74338887728,114453.27655715476,63132.57550185919,2976.0562281983707
9,MILP P50 + XGB risk,1.0,0.0,117502.85065962846,113899.91047838471,62547.59429526474,4105.565671112068
10,BAU rule,1.0,0.0,111934.83258909475,111709.59439968696,62516.96221723826,0.0
10,MILP P50,1.0,0.0,110612.31614839149,110612.31614839149,62252.61038639933,0.0
10,MILP P90,1.0,0.0,110734.4214484919,110734.4214484919,62727.32193593203,0.0
10,MILP P50 + XGB risk,1.0,0.0,110604.5048066954,110604.5048066954,62231.06544802595,0.0
11,BAU rule,1.0,0.0,114950.03288089941,114681.32980110828,63785.54831765057,0.0
11,MILP P50,1.0,0.0,114717.32226108602,113102.08754304897,62632.20251864119,1174.0548326127466
11,MILP P90,1.0,0.0,114082.10012989293,114082.10012989293,64280.14122657109,0.0
11,MILP P50 + XGB risk,1.0,0.0,114355.06841619512,113407.84635444671,62987.117926509454,212.18090133394372
12,BAU rule,1.0,0.0,112371.86980324969,112116.6290707995,62663.01299985419,0.0
12,MILP P50,1.0,0.0,111132.45899589284,111107.48070521696,62432.62182035559,0.0
12,MILP P90,1.0,0.0,111195.55941060596,111195.55941060596,62859.847113304706,0.0
12,MILP P50 + XGB risk,1.0,0.0,111118.87982057745,111101.15609626699,62403.41517440756,0.0
13,BAU rule,1.0,0.0,113288.55658585428,113067.66272556095,63047.58200241671,0.0
13,MILP P50,1.0,0.0,112047.19004080707,112047.19004080707,62821.233899923696,0.0
13,MILP P90,1.0,0.0,112118.14801168542,112118.14801168542,63251.22673326204,0.0
13,MILP P50 + XGB risk,1.0,0.0,112033.77368972228,112033.77368972228,62771.2984221378,0.0
14,BAU rule,1.0,0.0,109969.70505714494,109739.04089240154,61671.6692866989,0.0
14,MILP P50,1.0,0.0,108584.49837389762,108584.49837389762,61365.348353293484,0.0
14,MILP P90,1.0,0.0,108774.01679846318,108774.01679846318,61832.198577341165,0.0
14,MILP P50 + XGB risk,1.0,0.0,108584.79180660902,108584.79180660902,61343.948717176594,0.0
15,BAU rule,1.0,0.0,116333.1441917229,116072.98829352489,64322.724830196086,0.0
15,MILP P50,1.0,0.0,115506.03436703305,115132.98737621904,63950.93848262447,9.897509142139995
15,MILP P90,1.0,0.0,115361.49628047092,115361.49628047092,65471.154253673834,0.0
15,MILP P50 + XGB risk,1.0,0.0,115379.55252276799,115297.10969138794,64323.09485987109,0.0
16,BAU rule,1.0,0.0,112412.12921288802,112134.00562492742,62639.723572384886,0.0
16,MILP P50,1.0,0.0,111143.46325143462,111130.27078717842,62456.69021915438,0.0
16,MILP P90,1.0,0.0,111195.00184401394,111195.00184401394,62848.21004258657,0.0
16,MILP P50 + XGB risk,1.0,0.0,111114.44611340536,111084.53853300272,62370.36001122078,0.0
17,BAU rule,1.0,0.0,115410.08654030554,115188.99823731904,64024.529311618884,0.0
17,MILP P50,1.0,0.0,114614.18560003254,114244.12364085681,63600.13453732994,0.0
17,MILP P90,1.0,0.0,114467.67883708849,114467.67883708849,65285.74342176961,0.0
17,MILP P50 + XGB risk,1.0,0.0,114482.04985990193,114482.04985990193,63981.32499658673,0.0
18,BAU rule,1.0,0.0,112501.19431388713,112247.53584083097,62672.28998637114,0.0
18,MILP P50,1.0,0.0,111188.29086029524,111188.29086029524,62415.04297020216,0.0
18,MILP P90,1.0,0.0,111287.71120041599,111287.71120041599,62875.6365896398,0.0
18,MILP P50 + XGB risk,1.0,0.0,111179.83323547014,111179.83323547014,62380.7402398329,0.0
19,BAU rule,1.0,0.0,112766.74471472239,112575.16226798501,62879.81919405279,0.0
19,MILP P50,1.0,0.0,111539.29482344416,111534.92826294698,62640.14336365725,0.0
19,MILP P90,1.0,0.0,111604.11016273017,111604.11016273017,63065.9344138074,0.0
19,MILP P50 + XGB risk,1.0,0.0,111518.83087139908,111510.98268053659,62586.515292452976,0.0
20,BAU rule,1.0,0.0,110227.46885448697,110020.4872193106,61776.10490202244,0.0
20,MILP P50,1.0,0.0,108926.65002737007,108926.65002737007,61442.04190058513,0.0
20,MILP P90,1.0,0.0,109009.35839109281,109009.35839109281,61861.78590521573,0.0
20,MILP P50 + XGB risk,1.0,0.0,108896.70413636498,108896.70413636498,61362.804987340576,0.0
21,BAU rule,1.0,0.0,110020.27534185261,109794.94194954225,61846.43121827931,0.0
21,MILP P50,1.0,0.0,108575.13864293834,108575.13864293834,61296.91826621627,0.0
21,MILP P90,1.0,0.0,108778.8117376083,108778.8117376083,61763.48533375466,0.0
21,MILP P50 + XGB risk,1.0,0.0,108576.75029824213,108576.75029824213,61275.56933315479,0.0
22,BAU rule,1.0,0.0,112493.17362490328,112295.16110935491,62681.8777283979,0.0
22,MILP P50,1.0,0.0,111292.41087002127,111292.41087002127,62480.948636877,0.0
22,MILP P90,1.0,0.0,111352.19261979846,111352.19261979846,62891.6318141522,0.0
22,MILP P50 + XGB risk,1.0,0.0,111268.17216383456,111268.17216383456,62407.83886643541,0.0
23,BAU rule,1.0,0.0,119790.81985656003,119483.45078679555,67192.3436138423,0.0
23,MILP P50,1.0,0.0,120111.95840800715,116640.7639539387,64122.62678349868,961.07461798381
23,MILP P90,1.0,0.0,119139.35060450523,119139.06781534206,65956.56461830487,0.0
23,MILP P50 + XGB risk,1.0,0.0,119737.32787402748,117020.37480871554,64490.160180808656,40.07977559701703
24,BAU rule,1.0,0.0,111088.54295944008,110813.44433628317,62233.75873300431,0.0
24,MILP P50,1.0,0.0,109685.81552557612,109685.81552557612,61726.27584076511,0.0
24,MILP P90,1.0,0.0,109862.96642728671,109862.96642728671,62198.669874428655,0.0
24,MILP P50 + XGB risk,1.0,0.0,109685.17444722922,109685.17444722922,61704.86806760837,0.0
25,BAU rule,1.0,0.0,114495.29133944467,114306.75073405195,63526.47345402679,0.0
25,MILP P50,1.0,0.0,113416.08515533572,113416.08515533572,63486.01452116744,0.0
25,MILP P90,1.0,0.0,113467.06462226131,113467.06462226131,64273.94501305513,0.0
25,MILP P50 + XGB risk,1.0,0.0,113388.26096599553,113388.26096599553,63625.17401518917,0.0
26,BAU rule,1.0,0.0,110200.17857129726,109983.40164607267,61911.96730764979,0.0
26,MILP P50,1.0,0.0,108782.5081994097,108782.5081994097,61344.80606945307,0.0
26,MILP P90,1.0,0.0,108951.46587177749,108951.46587177749,61820.953981927254,0.0
26,MILP P50 + XGB risk,1.0,0.0,108781.55501834306,108781.55501834306,61323.44762151025,0.0
27,BAU rule,1.0,0.0,119667.17390645723,119370.90656809966,67065.22836720149,0.0
27,MILP P50,1.0,0.0,119982.30556831056,116177.31228574668,63910.369878616715,518.7362942831052
27,MILP P90,1.0,0.0,119018.18208774539,119018.18208774539,65836.9626250128,0.0
27,MILP P50 + XGB risk,1.0,0.0,119605.57385104576,116904.71140608969,64407.35480016282,0.0
28,BAU rule,1.0,0.0,116095.5021594003,115823.36792984062,64299.960828133364,0.0
28,MILP P50,1.0,0.0,115360.49593264873,114826.15578310339,63751.842307991305,0.0
28,MILP P90,1.0,0.0,115165.14014196508,115165.14014196508,65616.68339808854,0.0
28,MILP P50 + XGB risk,1.0,0.0,115206.07128859493,115131.49891566638,64171.831246189126,0.0
29,BAU rule,1.0,0.0,118703.71522950637,118446.92434478809,66156.87209093872,0.0
29,MILP P50,1.0,0.0,118645.84237281092,115915.15500964565,64033.182145597515,247.7791015631484
29,MILP P90,1.0,0.0,117944.55248756417,117944.55248756417,65983.74507980017,0.0
29,MILP P50 + XGB risk,1.0,0.0,118286.75251014077,116816.05364579997,64612.204659068986,0.0
