district,month,crude_kbbl,cap_kbbl,utilization,origin
EC,2018-01-01,31706.3412,33573.0,0.9444,2018-01-01
EC,2018-02-01,28637.9856,30324.0,0.9444,2018-01-01
EC,2018-03-01,31706.3412,33573.0,0.9444,2018-01-01
AP,2018-01-01,2105.334,3038.0,0.693,2018-01-01
AP,2018-02-01,1901.5919999999999,2744.0,0.693,2018-01-01
AP,2018-03-01,2105.334,3038.0,0.693,2018-01-01
2A,2018-01-01,78004.56839999999,80817.0,0.9651999999999998,2018-01-01
2A,2018-02-01,70455.7392,72996.0,0.9652,2018-01-01
2A,2018-03-01,78004.56839999999,80817.0,0.9651999999999998,2018-01-01
2B,2018-01-01,15958.8,16120.0,0.99,2018-01-01
2B,2018-02-01,14414.4,14560.0,0.99,2018-01-01
2B,2018-03-01,15958.8,16120.0,0.99,2018-01-01
2C,2018-01-01,27129.96,27404.0,0.99,2018-01-01
2C,2018-02-01,24504.48,24752.0,0.99,2018-01-01
2C,2018-03-01,27129.96,27404.0,0.99,2018-01-01
3A,2018-01-01,15983.351999999999,23064.0,0.693,2018-01-01
3A,2018-02-01,14436.576,20832.0,0.693,2018-01-01
3A,2018-03-01,15983.351999999999,23064.0,0.693,2018-01-01
3B,2018-01-01,103602.57907999997,153946.0,0.6729799999999998,2018-01-01
3B,2018-02-01,121126.74665752689,139048.0,0.8711146270174824,2018-01-01
3B,2018-03-01,148003.68439999997,153946.0,0.9613999999999998,2018-01-01
3C,2018-01-01,113711.28599999998,115320.0,0.9860499999999998,2018-01-01
3C,2018-02-01,102706.968,104160.0,0.98605,2018-01-01
3C,2018-03-01,113711.28599999998,115320.0,0.9860499999999998,2018-01-01
3D,2018-01-01,4773.027839999999,7936.0,0.6014399999999999,2018-01-01
3D,2018-02-01,4311.12192,7168.0,0.60144,2018-01-01
3D,2018-03-01,4773.027839999999,7936.0,0.6014399999999999,2018-01-01
3E,2018-01-01,3805.56,3844.0,0.99,2018-01-01
3E,2018-02-01,3437.2799999999997,3472.0,0.9899999999999999,2018-01-01
3E,2018-03-01,3805.56,3844.0,0.99,2018-01-01
P4,2018-01-01,20753.652149999998,21483.0,0.96605,2018-01-01
P4,2018-02-01,18745.2342,19404.0,0.96605,2018-01-01
P4,2018-03-01,20753.652149999998,21483.0,0.96605,2018-01-01
P5,2018-01-01,78272.68506198424,88288.0,0.8865608583497672,2018-01-01
P5,2018-02-01,74169.8944,79744.0,0.9301,2018-01-01
P5,2018-03-01,82116.6688,88288.0,0.9301,2018-01-01
EC,2018-02-01,29748.600000000002,31500.0,0.9444,2018-02-01
EC,2018-03-01,32935.95,34875.0,0.9443999999999999,2018-02-01
EC,2018-04-01,31873.5,33750.0,0.9444,2018-02-01
AP,2018-02-01,1901.5919999999999,2744.0,0.693,2018-02-01
AP,2018-03-01,2105.334,3038.0,0.693,2018-02-01
AP,2018-04-01,2037.4199999999998,2940.0,0.693,2018-02-01
2A,2018-02-01,71347.584,73920.0,0.9652000000000001,2018-02-01
2A,2018-03-01,78991.968,81840.0,0.9652,2018-02-01
2A,2018-04-01,76443.84,79200.0,0.9652,2018-02-01
2B,2018-02-01,14968.8,15120.0,0.99,2018-02-01
2B,2018-03-01,16572.6,16740.0,0.9899999999999999,2018-02-01
2B,2018-04-01,16038.0,16200.0,0.99,2018-02-01
2C,2018-02-01,25280.64,25536.0,0.99,2018-02-01
2C,2018-03-01,27989.28,28272.0,0.99,2018-02-01
2C,2018-04-01,27086.4,27360.0,0.9900000000000001,2018-02-01
3A,2018-02-01,14494.787999999999,20916.0,0.693,2018-02-01
3A,2018-03-01,16047.801,23157.0,0.693,2018-02-01
3A,2018-04-01,15530.13,22410.0,0.693,2018-02-01
3B,2018-02-01,114343.77111473044,138740.0,0.8241586500989653,2018-02-01
3B,2018-03-01,147675.84699999998,153605.0,0.9613999999999999,2018-02-01
3B,2018-04-01,142912.11,148650.0,0.9613999999999999,2018-02-01
3C,2018-02-01,101271.27919999999,102704.0,0.9860499999999999,2018-02-01
3C,2018-03-01,112121.77339999999,113708.0,0.9860499999999999,2018-02-01
3C,2018-04-01,108504.94199999998,110040.0,0.9860499999999999,2018-02-01
3D,2018-02-01,4311.12192,7168.0,0.60144,2018-02-01
3D,2018-03-01,4773.027839999999,7936.0,0.6014399999999999,2018-02-01
3D,2018-04-01,4619.0592,7680.0,0.60144,2018-02-01
3E,2018-02-01,3797.64,3836.0,0.99,2018-02-01
3E,2018-03-01,4204.53,4247.0,0.99,2018-02-01
3E,2018-04-01,4068.9,4110.0,0.99,2018-02-01
P4,2018-02-01,18474.740199999997,19124.0,0.9660499999999999,2018-02-01
P4,2018-03-01,20454.176649999998,21173.0,0.9660499999999999,2018-02-01
P4,2018-04-01,19794.364499999996,20490.0,0.9660499999999999,2018-02-01
P5,2018-02-01,73909.4664,79464.0,0.9301,2018-02-01
P5,2018-03-01,81828.33780000001,87978.0,0.9301000000000001,2018-02-01
P5,2018-04-01,79188.714,85140.0,0.9301,2018-02-01
EC,2018-03-01,32935.95,34875.0,0.9443999999999999,2018-03-01
EC,2018-04-01,31873.5,33750.0,0.9444,2018-03-01
EC,2018-05-01,32935.95,34875.0,0.9443999999999999,2018-03-01
AP,2018-03-01,2105.334,3038.0,0.693,2018-03-01
AP,2018-04-01,2037.4199999999998,2940.0,0.693,2018-03-01
AP,2018-05-01,2105.334,3038.0,0.693,2018-03-01
2A,2018-03-01,78991.968,81840.0,0.9652,2018-03-01
2A,2018-04-01,76443.84,79200.0,0.9652,2018-03-01
2A,2018-05-01,78991.968,81840.0,0.9652,2018-03-01
2B,2018-03-01,16572.6,16740.0,0.9899999999999999,2018-03-01
2B,2018-04-01,16038.0,16200.0,0.99,2018-03-01
2B,2018-05-01,16572.6,16740.0,0.9899999999999999,2018-03-01
2C,2018-03-01,27989.28,28272.0,0.99,2018-03-01
2C,2018-04-01,27086.4,27360.0,0.9900000000000001,2018-03-01
2C,2018-05-01,27989.28,28272.0,0.99,2018-03-01
3A,2018-03-01,16047.801,23157.0,0.693,2018-03-01
3A,2018-04-01,15530.13,22410.0,0.693,2018-03-01
3A,2018-05-01,16047.801,23157.0,0.693,2018-03-01
3B,2018-03-01,103373.09289999997,153605.0,0.6729799999999998,2018-03-01
3B,2018-04-01,142912.11,148650.0,0.9613999999999999,2018-03-01
3B,2018-05-01,147675.84699999998,153605.0,0.9613999999999999,2018-03-01
3C,2018-03-01,112121.77339999999,113708.0,0.9860499999999999,2018-03-01
3C,2018-04-01,108504.94199999998,110040.0,0.9860499999999999,2018-03-01
3C,2018-05-01,112121.77339999999,113708.0,0.9860499999999999,2018-03-01
3D,2018-03-01,4773.027839999999,7936.0,0.6014399999999999,2018-03-01
3D,2018-04-01,4619.0592,7680.0,0.60144,2018-03-01
3D,2018-05-01,4773.027839999999,7936.0,0.6014399999999999,2018-03-01
3E,2018-03-01,4204.53,4247.0,0.99,2018-03-01
3E,2018-04-01,4068.9,4110.0,0.99,2018-03-01
3E,2018-05-01,4204.53,4247.0,0.99,2018-03-01
P4,2018-03-01,20454.176649999998,21173.0,0.9660499999999999,2018-03-01
P4,2018-04-01,19794.364499999996,20490.0,0.9660499999999999,2018-03-01
P4,2018-05-01,20454.176649999998,21173.0,0.9660499999999999,2018-03-01
P5,2018-03-01,65119.69577567218,87978.0,0.7401815883024413,2018-03-01
P5,2018-04-01,79188.714,85140.0,0.9301,2018-03-01
P5,2018-05-01,81828.33780000001,87978.0,0.9301000000000001,2018-03-01
EC,2018-04-01,31873.5,33750.0,0.9444,2018-04-01
EC,2018-05-01,32935.95,34875.0,0.9443999999999999,2018-04-01
EC,2018-06-01,31873.5,33750.0,0.9444,2018-04-01
AP,2018-04-01,2037.4199999999998,2940.0,0.693,2018-04-01
AP,2018-05-01,2105.334,3038.0,0.693,2018-04-01
AP,2018-06-01,2037.4199999999998,2940.0,0.693,2018-04-01
2A,2018-04-01,76443.84,79200.0,0.9652,2018-04-01
2A,2018-05-01,78991.968,81840.0,0.9652,2018-04-01
2A,2018-06-01,76443.84,79200.0,0.9652,2018-04-01
2B,2018-04-01,16038.0,16200.0,0.99,2018-04-01
2B,2018-05-01,16572.6,16740.0,0.9899999999999999,2018-04-01
2B,2018-06-01,16038.0,16200.0,0.99,2018-04-01
2C,2018-04-01,27086.4,27360.0,0.9900000000000001,2018-04-01
2C,2018-05-01,27989.28,28272.0,0.99,2018-04-01
2C,2018-06-01,27086.4,27360.0,0.9900000000000001,2018-04-01
3A,2018-04-01,15530.13,22410.0,0.693,2018-04-01
3A,2018-05-01,16047.801,23157.0,0.693,2018-04-01
3A,2018-06-01,21527.277977096554,22410.0,0.9606103514991768,2018-04-01
3B,2018-04-01,142912.11,148650.0,0.9613999999999999,2018-04-01
3B,2018-05-01,147675.84699999998,153605.0,0.9613999999999999,2018-04-01
3B,2018-06-01,142912.11,148650.0,0.9613999999999999,2018-04-01
3C,2018-04-01,108504.94199999998,110040.0,0.9860499999999999,2018-04-01
3C,2018-05-01,112121.77339999999,113708.0,0.9860499999999999,2018-04-01
3C,2018-06-01,108504.94199999998,110040.0,0.9860499999999999,2018-04-01
3D,2018-04-01,4619.0592,7680.0,0.60144,2018-04-01
3D,2018-05-01,4773.027839999999,7936.0,0.6014399999999999,2018-04-01
3D,2018-06-01,4619.0592,7680.0,0.60144,2018-04-01
3E,2018-04-01,4068.9,4110.0,0.99,2018-04-01
3E,2018-05-01,4204.53,4247.0,0.99,2018-04-01
3E,2018-06-01,4068.9,4110.0,0.99,2018-04-01
P4,2018-04-01,19794.364499999996,20490.0,0.9660499999999999,2018-04-01
P4,2018-05-01,20454.176649999998,21173.0,0.9660499999999999,2018-04-01
P4,2018-06-01,19794.364499999996,20490.0,0.9660499999999999,2018-04-01
P5,2018-04-01,79401.56400000001,85140.0,0.9326000000000002,2018-04-01
P5,2018-05-01,82048.28280000002,87978.0,0.9326000000000002,2018-04-01
P5,2018-06-01,79401.56400000001,85140.0,0.9326000000000002,2018-04-01
EC,2018-05-01,32935.95,34875.0,0.9443999999999999,2018-05-01
EC,2018-06-01,31873.5,33750.0,0.9444,2018-05-01
EC,2018-07-01,32935.95,34875.0,0.9443999999999999,2018-05-01
AP,2018-05-01,2105.334,3038.0,0.693,2018-05-01
AP,2018-06-01,2037.4199999999998,2940.0,0.693,2018-05-01
AP,2018-07-01,2105.334,3038.0,0.693,2018-05-01
2A,2018-05-01,78991.968,81840.0,0.9652,2018-05-01
2A,2018-06-01,76443.84,79200.0,0.9652,2018-05-01
2A,2018-07-01,78991.968,81840.0,0.9652,2018-05-01
2B,2018-05-01,16572.6,16740.0,0.9899999999999999,2018-05-01
2B,2018-06-01,16038.0,16200.0,0.99,2018-05-01
2B,2018-07-01,16572.6,16740.0,0.9899999999999999,2018-05-01
2C,2018-05-01,27989.28,28272.0,0.99,2018-05-01
2C,2018-06-01,27086.4,27360.0,0.9900000000000001,2018-05-01
2C,2018-07-01,27989.28,28272.0,0.99,2018-05-01
3A,2018-05-01,16047.801,23157.0,0.693,2018-05-01
3A,2018-06-01,15530.13,22410.0,0.693,2018-05-01
3A,2018-07-01,22439.676907387435,23157.0,0.9690234878173958,2018-05-01
3B,2018-05-01,147675.84699999998,153605.0,0.9613999999999999,2018-05-01
3B,2018-06-01,142912.11,148650.0,0.9613999999999999,2018-05-01
3B,2018-07-01,147675.84699999998,153605.0,0.9613999999999999,2018-05-01
3C,2018-05-01,112121.77339999999,113708.0,0.9860499999999999,2018-05-01
3C,2018-06-01,108504.94199999998,110040.0,0.9860499999999999,2018-05-01
3C,2018-07-01,112121.77339999999,113708.0,0.9860499999999999,2018-05-01
3D,2018-05-01,6818.611199999999,7936.0,0.8592,2018-05-01
3D,2018-06-01,6598.656,7680.0,0.8592,2018-05-01
3D,2018-07-01,6818.611199999999,7936.0,0.8592,2018-05-01
3E,2018-05-01,4204.53,4247.0,0.99,2018-05-01
3E,2018-06-01,4068.9,4110.0,0.99,2018-05-01
3E,2018-07-01,4204.53,4247.0,0.99,2018-05-01
P4,2018-05-01,20454.176649999998,21173.0,0.9660499999999999,2018-05-01
P4,2018-06-01,19794.364499999996,20490.0,0.9660499999999999,2018-05-01
P4,2018-07-01,20454.176649999998,21173.0,0.9660499999999999,2018-05-01
P5,2018-05-01,73967.59540716272,87978.0,0.8407510446607416,2018-05-01
P5,2018-06-01,79401.56400000001,85140.0,0.9326000000000002,2018-05-01
P5,2018-07-01,82048.28280000002,87978.0,0.9326000000000002,2018-05-01
EC,2018-06-01,31873.5,33750.0,0.9444,2018-06-01
EC,2018-07-01,32935.95,34875.0,0.9443999999999999,2018-06-01
EC,2018-08-01,32935.95,34875.0,0.9443999999999999,2018-06-01
AP,2018-06-01,2037.4199999999998,2940.0,0.693,2018-06-01
AP,2018-07-01,2105.334,3038.0,0.693,2018-06-01
AP,2018-08-01,2105.334,3038.0,0.693,2018-06-01
2A,2018-06-01,76756.68000000001,79200.0,0.9691500000000001,2018-06-01
2A,2018-07-01,79315.236,81840.0,0.9691500000000001,2018-06-01
2A,2018-08-01,79315.236,81840.0,0.9691500000000001,2018-06-01
2B,2018-06-01,16038.0,16200.0,0.99,2018-06-01
2B,2018-07-01,16572.6,16740.0,0.9899999999999999,2018-06-01
2B,2018-08-01,16572.6,16740.0,0.9899999999999999,2018-06-01
2C,2018-06-01,27086.4,27360.0,0.9900000000000001,2018-06-01
2C,2018-07-01,27989.28,28272.0,0.99,2018-06-01
2C,2018-08-01,27989.28,28272.0,0.99,2018-06-01
3A,2018-06-01,22185.9,22410.0,0.9900000000000001,2018-06-01
3A,2018-07-01,22925.43,23157.0,0.99,2018-06-01
3A,2018-08-01,22925.43,23157.0,0.99,2018-06-01
3B,2018-06-01,142912.11,148650.0,0.9613999999999999,2018-06-01
3B,2018-07-01,147675.84699999998,153605.0,0.9613999999999999,2018-06-01
3B,2018-08-01,147675.84699999998,153605.0,0.9613999999999999,2018-06-01
3C,2018-06-01,108504.94199999998,110040.0,0.9860499999999999,2018-06-01
3C,2018-07-01,112121.77339999999,113708.0,0.9860499999999999,2018-06-01
3C,2018-08-01,112121.77339999999,113708.0,0.9860499999999999,2018-06-01
3D,2018-06-01,6598.656,7680.0,0.8592,2018-06-01
3D,2018-07-01,6818.611199999999,7936.0,0.8592,2018-06-01
3D,2018-08-01,6818.611199999999,7936.0,0.8592,2018-06-01
3E,2018-06-01,4068.9,4110.0,0.99,2018-06-01
3E,2018-07-01,4204.53,4247.0,0.99,2018-06-01
3E,2018-08-01,4204.53,4247.0,0.99,2018-06-01
P4,2018-06-01,19794.364499999996,20490.0,0.9660499999999999,2018-06-01
P4,2018-07-01,20454.176649999998,21173.0,0.9660499999999999,2018-06-01
P4,2018-08-01,20454.176649999998,21173.0,0.9660499999999999,2018-06-01
P5,2018-06-01,79401.56400000001,85140.0,0.9326000000000002,2018-06-01
P5,2018-07-01,82048.28280000002,87978.0,0.9326000000000002,2018-06-01
P5,2018-08-01,82048.28280000002,87978.0,0.9326000000000002,2018-06-01
EC,2018-07-01,32935.95,34875.0,0.9443999999999999,2018-07-01
EC,2018-08-01,32935.95,34875.0,0.9443999999999999,2018-07-01
EC,2018-09-01,31873.5,33750.0,0.9444,2018-07-01
AP,2018-07-01,2105.334,3038.0,0.693,2018-07-01
AP,2018-08-01,2105.334,3038.0,0.693,2018-07-01
AP,2018-09-01,2037.4199999999998,2940.0,0.693,2018-07-01
2A,2018-07-01,79315.236,81840.0,0.9691500000000001,2018-07-01
2A,2018-08-01,79315.236,81840.0,0.9691500000000001,2018-07-01
2A,2018-09-01,76756.68000000001,79200.0,0.9691500000000001,2018-07-01
2B,2018-07-01,16572.6,16740.0,0.9899999999999999,2018-07-01
2B,2018-08-01,16572.6,16740.0,0.9899999999999999,2018-07-01
2B,2018-09-01,16038.0,16200.0,0.99,2018-07-01
2C,2018-07-01,27989.28,28272.0,0.99,2018-07-01
2C,2018-08-01,27989.28,28272.0,0.99,2018-07-01
2C,2018-09-01,27086.4,27360.0,0.9900000000000001,2018-07-01
3A,2018-07-01,16047.801,23157.0,0.693,2018-07-01
3A,2018-08-01,16047.801,23157.0,0.693,2018-07-01
3A,2018-09-01,22185.9,22410.0,0.9900000000000001,2018-07-01
3B,2018-07-01,148843.24500000002,153605.0,0.9690000000000002,2018-07-01
3B,2018-08-01,148843.24500000002,153605.0,0.9690000000000002,2018-07-01
3B,2018-09-01,144041.85,148650.0,0.9690000000000001,2018-07-01
3C,2018-07-01,112121.77339999999,113708.0,0.9860499999999999,2018-07-01
3C,2018-08-01,112121.77339999999,113708.0,0.9860499999999999,2018-07-01
3C,2018-09-01,108504.94199999998,110040.0,0.9860499999999999,2018-07-01
3D,2018-07-01,4773.027839999999,7936.0,0.6014399999999999,2018-07-01
3D,2018-08-01,6818.611199999999,7936.0,0.8592,2018-07-01
3D,2018-09-01,6598.656,7680.0,0.8592,2018-07-01
3E,2018-07-01,4204.53,4247.0,0.99,2018-07-01
3E,2018-08-01,4204.53,4247.0,0.99,2018-07-01
3E,2018-09-01,4068.9,4110.0,0.99,2018-07-01
P4,2018-07-01,20454.176649999998,21173.0,0.9660499999999999,2018-07-01
P4,2018-08-01,20454.176649999998,21173.0,0.9660499999999999,2018-07-01
P4,2018-09-01,19794.364499999996,20490.0,0.9660499999999999,2018-07-01
P5,2018-07-01,83068.8276,87978.0,0.9442,2018-07-01
P5,2018-08-01,83068.8276,87978.0,0.9442,2018-07-01
P5,2018-09-01,80389.18800000001,85140.0,0.9442000000000002,2018-07-01
EC,2018-08-01,32935.95,34875.0,0.9443999999999999,2018-08-01
EC,2018-09-01,31873.5,33750.0,0.9444,2018-08-01
EC,2018-10-01,32935.95,34875.0,0.9443999999999999,2018-08-01
AP,2018-08-01,2105.334,3038.0,0.693,2018-08-01
AP,2018-09-01,2037.4199999999998,2940.0,0.693,2018-08-01
AP,2018-10-01,2105.334,3038.0,0.693,2018-08-01
2A,2018-08-01,79315.236,81840.0,0.9691500000000001,2018-08-01
2A,2018-09-01,76756.68000000001,79200.0,0.9691500000000001,2018-08-01
2A,2018-10-01,79315.236,81840.0,0.9691500000000001,2018-08-01
2B,2018-08-01,16572.6,16740.0,0.9899999999999999,2018-08-01
2B,2018-09-01,16038.0,16200.0,0.99,2018-08-01
2B,2018-10-01,16572.6,16740.0,0.9899999999999999,2018-08-01
2C,2018-08-01,27989.28,28272.0,0.99,2018-08-01
2C,2018-09-01,27086.4,27360.0,0.9900000000000001,2018-08-01
2C,2018-10-01,27989.28,28272.0,0.99,2018-08-01
3A,2018-08-01,16047.801,23157.0,0.693,2018-08-01
3A,2018-09-01,15530.13,22410.0,0.693,2018-08-01
3A,2018-10-01,16047.801,23157.0,0.693,2018-08-01
3B,2018-08-01,148843.24500000002,153605.0,0.9690000000000002,2018-08-01
3B,2018-09-01,144041.85,148650.0,0.9690000000000001,2018-08-01
3B,2018-10-01,148843.24500000002,153605.0,0.9690000000000002,2018-08-01
3C,2018-08-01,112121.77339999999,113708.0,0.9860499999999999,2018-08-01
3C,2018-09-01,108504.94199999998,110040.0,0.9860499999999999,2018-08-01
3C,2018-10-01,112121.77339999999,113708.0,0.9860499999999999,2018-08-01
3D,2018-08-01,4773.027839999999,7936.0,0.6014399999999999,2018-08-01
3D,2018-09-01,4619.0592,7680.0,0.60144,2018-08-01
3D,2018-10-01,4773.027839999999,7936.0,0.6014399999999999,2018-08-01
3E,2018-08-01,4204.53,4247.0,0.99,2018-08-01
3E,2018-09-01,4068.9,4110.0,0.99,2018-08-01
3E,2018-10-01,4204.53,4247.0,0.99,2018-08-01
P4,2018-08-01,20454.176649999998,21173.0,0.9660499999999999,2018-08-01
P4,2018-09-01,19794.364499999996,20490.0,0.9660499999999999,2018-08-01
P4,2018-10-01,20454.176649999998,21173.0,0.9660499999999999,2018-08-01
P5,2018-08-01,83442.7341,87978.0,0.94845,2018-08-01
P5,2018-09-01,80751.033,85140.0,0.9484499999999999,2018-08-01
P5,2018-10-01,83442.7341,87978.0,0.94845,2018-08-01
EC,2018-09-01,31873.5,33750.0,0.9444,2018-09-01
EC,2018-10-01,32935.95,34875.0,0.9443999999999999,2018-09-01
EC,2018-11-01,31873.5,33750.0,0.9444,2018-09-01
AP,2018-09-01,2037.4199999999998,2940.0,0.693,2018-09-01
AP,2018-10-01,2105.334,3038.0,0.693,2018-09-01
AP,2018-11-01,2037.4199999999998,2940.0,0.693,2018-09-01
2A,2018-09-01,76907.15999999999,79200.0,0.9710499999999999,2018-09-01
2A,2018-10-01,79470.73199999999,81840.0,0.9710499999999999,2018-09-01
2A,2018-11-01,76907.15999999999,79200.0,0.9710499999999999,2018-09-01
2B,2018-09-01,16038.0,16200.0,0.99,2018-09-01
2B,2018-10-01,16572.6,16740.0,0.9899999999999999,2018-09-01
2B,2018-11-01,16038.0,16200.0,0.99,2018-09-01
2C,2018-09-01,27086.4,27360.0,0.9900000000000001,2018-09-01
2C,2018-10-01,27989.28,28272.0,0.99,2018-09-01
2C,2018-11-01,27086.4,27360.0,0.9900000000000001,2018-09-01
3A,2018-09-01,15530.13,22410.0,0.693,2018-09-01
3A,2018-10-01,16047.801,23157.0,0.693,2018-09-01
3A,2018-11-01,15530.13,22410.0,0.693,2018-09-01
3B,2018-09-01,144056.715,148650.0,0.9691,2018-09-01
3B,2018-10-01,148858.6055,153605.0,0.9691000000000001,2018-09-01
3B,2018-11-01,144056.715,148650.0,0.9691,2018-09-01
3C,2018-09-01,108593.68649999998,110130.0,0.9860499999999999,2018-09-01
3C,2018-10-01,112213.47604999998,113801.0,0.9860499999999999,2018-09-01
3C,2018-11-01,108593.68649999998,110130.0,0.9860499999999999,2018-09-01
3D,2018-09-01,6598.656,7680.0,0.8592,2018-09-01
3D,2018-10-01,6818.611199999999,7936.0,0.8592,2018-09-01
3D,2018-11-01,6598.656,7680.0,0.8592,2018-09-01
3E,2018-09-01,4068.9,4110.0,0.99,2018-09-01
3E,2018-10-01,4204.53,4247.0,0.99,2018-09-01
3E,2018-11-01,4068.9,4110.0,0.99,2018-09-01
P4,2018-09-01,19559.754,20490.0,0.9546,2018-09-01
P4,2018-10-01,20211.745800000004,21173.0,0.9546000000000002,2018-09-01
P4,2018-11-01,19559.754,20490.0,0.9546,2018-09-01
P5,2018-09-01,80471.1617280946,85140.0,0.9451628109947685,2018-09-01
P5,2018-10-01,84260.92950000001,87978.0,0.9577500000000001,2018-09-01
P5,2018-11-01,81542.835,85140.0,0.9577500000000001,2018-09-01
EC,2018-10-01,32935.95,34875.0,0.9443999999999999,2018-10-01
EC,2018-11-01,31873.5,33750.0,0.9444,2018-10-01
EC,2018-12-01,32935.95,34875.0,0.9443999999999999,2018-10-01
AP,2018-10-01,2105.334,3038.0,0.693,2018-10-01
AP,2018-11-01,2037.4199999999998,2940.0,0.693,2018-10-01
AP,2018-12-01,2105.334,3038.0,0.693,2018-10-01
2A,2018-10-01,79470.73199999999,81840.0,0.9710499999999999,2018-10-01
2A,2018-11-01,76907.15999999999,79200.0,0.9710499999999999,2018-10-01
2A,2018-12-01,79470.73199999999,81840.0,0.9710499999999999,2018-10-01
2B,2018-10-01,16572.6,16740.0,0.9899999999999999,2018-10-01
2B,2018-11-01,16038.0,16200.0,0.99,2018-10-01
2B,2018-12-01,16572.6,16740.0,0.9899999999999999,2018-10-01
2C,2018-10-01,27989.28,28272.0,0.99,2018-10-01
2C,2018-11-01,27086.4,27360.0,0.9900000000000001,2018-10-01
2C,2018-12-01,27989.28,28272.0,0.99,2018-10-01
3A,2018-10-01,16047.801,23157.0,0.693,2018-10-01
3A,2018-11-01,15530.13,22410.0,0.693,2018-10-01
3A,2018-12-01,16047.801,23157.0,0.693,2018-10-01
3B,2018-10-01,119947.21343014934,153605.0,0.7808809181351475,2018-10-01
3B,2018-11-01,144339.15,148650.0,0.971,2018-10-01
3B,2018-12-01,149150.455,153605.0,0.9709999999999999,2018-10-01
3C,2018-10-01,112213.47604999998,113801.0,0.9860499999999999,2018-10-01
3C,2018-11-01,108593.68649999998,110130.0,0.9860499999999999,2018-10-01
3C,2018-12-01,112213.47604999998,113801.0,0.9860499999999999,2018-10-01
3D,2018-10-01,4773.027839999999,7936.0,0.6014399999999999,2018-10-01
3D,2018-11-01,4619.0592,7680.0,0.60144,2018-10-01
3D,2018-12-01,6818.611199999999,7936.0,0.8592,2018-10-01
3E,2018-10-01,4204.53,4247.0,0.99,2018-10-01
3E,2018-11-01,4068.9,4110.0,0.99,2018-10-01
3E,2018-12-01,4204.53,4247.0,0.99,2018-10-01
P4,2018-10-01,20352.54625,21173.0,0.9612499999999999,2018-10-01
P4,2018-11-01,19696.0125,20490.0,0.96125,2018-10-01
P4,2018-12-01,20352.54625,21173.0,0.9612499999999999,2018-10-01
P5,2018-10-01,69229.96705497128,87978.0,0.7869008963032949,2018-10-01
P5,2018-11-01,74445.12419071016,85140.0,0.874384827234087,2018-10-01
P5,2018-12-01,85263.8787,87978.0,0.9691500000000001,2018-10-01
EC,2018-11-01,31873.5,33750.0,0.9444,2018-11-01
EC,2018-12-01,32935.95,34875.0,0.9443999999999999,2018-11-01
EC,2019-01-01,32935.95,34875.0,0.9443999999999999,2018-11-01
AP,2018-11-01,2037.4199999999998,2940.0,0.693,2018-11-01
AP,2018-12-01,2105.334,3038.0,0.693,2018-11-01
AP,2019-01-01,2105.334,3038.0,0.693,2018-11-01
2A,2018-11-01,76907.15999999999,79200.0,0.9710499999999999,2018-11-01
2A,2018-12-01,79470.73199999999,81840.0,0.9710499999999999,2018-11-01
2A,2019-01-01,79470.73199999999,81840.0,0.9710499999999999,2018-11-01
2B,2018-11-01,16038.0,16200.0,0.99,2018-11-01
2B,2018-12-01,16572.6,16740.0,0.9899999999999999,2018-11-01
2B,2019-01-01,16572.6,16740.0,0.9899999999999999,2018-11-01
2C,2018-11-01,27145.8,27420.0,0.99,2018-11-01
2C,2018-12-01,28050.66,28334.0,0.99,2018-11-01
2C,2019-01-01,28050.66,28334.0,0.99,2018-11-01
3A,2018-11-01,15530.13,22410.0,0.693,2018-11-01
3A,2018-12-01,16047.801,23157.0,0.693,2018-11-01
3A,2019-01-01,16047.801,23157.0,0.693,2018-11-01
3B,2018-11-01,115806.8535632061,148650.0,0.7790572052687931,2018-11-01
3B,2018-12-01,149150.455,153605.0,0.9709999999999999,2018-11-01
3B,2019-01-01,149150.455,153605.0,0.9709999999999999,2018-11-01
3C,2018-11-01,108698.31,110130.0,0.987,2018-11-01
3C,2018-12-01,112321.587,113801.0,0.987,2018-11-01
3C,2019-01-01,112321.587,113801.0,0.987,2018-11-01
3D,2018-11-01,6598.656,7680.0,0.8592,2018-11-01
3D,2018-12-01,6818.611199999999,7936.0,0.8592,2018-11-01
3D,2019-01-01,6818.611199999999,7936.0,0.8592,2018-11-01
3E,2018-11-01,4068.9,4110.0,0.99,2018-11-01
3E,2018-12-01,4204.53,4247.0,0.99,2018-11-01
3E,2019-01-01,4204.53,4247.0,0.99,2018-11-01
P4,2018-11-01,19696.0125,20490.0,0.96125,2018-11-01
P4,2018-12-01,20352.54625,21173.0,0.9612499999999999,2018-11-01
P4,2019-01-01,20352.54625,21173.0,0.9612499999999999,2018-11-01
P5,2018-11-01,67790.55589378336,85140.0,0.7962245230653436,2018-11-01
P5,2018-12-01,77798.91379363694,87978.0,0.8842996407469701,2018-11-01
P5,2019-01-01,84817.15151667895,87978.0,0.9640722853063146,2018-11-01
EC,2018-12-01,32935.95,34875.0,0.9443999999999999,2018-12-01
EC,2019-01-01,32935.95,34875.0,0.9443999999999999,2018-12-01
EC,2019-02-01,29748.600000000002,31500.0,0.9444,2018-12-01
AP,2018-12-01,2105.334,3038.0,0.693,2018-12-01
AP,2019-01-01,2105.334,3038.0,0.693,2018-12-01
AP,2019-02-01,1901.5919999999999,2744.0,0.693,2018-12-01
2A,2018-12-01,79470.73199999999,81840.0,0.9710499999999999,2018-12-01
2A,2019-01-01,79470.73199999999,81840.0,0.9710499999999999,2018-12-01
2A,2019-02-01,71780.01599999999,73920.0,0.9710499999999999,2018-12-01
2B,2018-12-01,16572.6,16740.0,0.9899999999999999,2018-12-01
2B,2019-01-01,16572.6,16740.0,0.9899999999999999,2018-12-01
2B,2019-02-01,14968.8,15120.0,0.99,2018-12-01
2C,2018-12-01,28050.66,28334.0,0.99,2018-12-01
2C,2019-01-01,28050.66,28334.0,0.99,2018-12-01
2C,2019-02-01,25336.079999999998,25592.0,0.9899999999999999,2018-12-01
3A,2018-12-01,16047.801,23157.0,0.693,2018-12-01
3A,2019-01-01,16047.801,23157.0,0.693,2018-12-01
3A,2019-02-01,14494.787999999999,20916.0,0.693,2018-12-01
3B,2018-12-01,134276.36539761344,153605.0,0.8741666312790172,2018-12-01
3B,2019-01-01,149150.455,153605.0,0.9709999999999999,2018-12-01
3B,2019-02-01,134716.54,138740.0,0.9710000000000001,2018-12-01
3C,2018-12-01,112350.03725,113801.0,0.98725,2018-12-01
3C,2019-01-01,112350.03725,113801.0,0.98725,2018-12-01
3C,2019-02-01,101477.453,102788.0,0.98725,2018-12-01
3D,2018-12-01,4773.027839999999,7936.0,0.6014399999999999,2018-12-01
3D,2019-01-01,4773.027839999999,7936.0,0.6014399999999999,2018-12-01
3D,2019-02-01,4311.12192,7168.0,0.60144,2018-12-01
3E,2018-12-01,4204.53,4247.0,0.99,2018-12-01
3E,2019-01-01,4204.53,4247.0,0.99,2018-12-01
3E,2019-02-01,3797.64,3836.0,0.99,2018-12-01
P4,2018-12-01,20352.54625,21173.0,0.9612499999999999,2018-12-01
P4,2019-01-01,20352.54625,21173.0,0.9612499999999999,2018-12-01
P4,2019-02-01,18382.945,19124.0,0.9612499999999999,2018-12-01
P5,2018-12-01,68500.16264553428,87978.0,0.7786055905514365,2018-12-01
P5,2019-01-01,79310.90989688683,87978.0,0.9014857111651416,2018-12-01
P5,2019-02-01,77012.5356,79464.0,0.9691500000000001,2018-12-01
EC,2019-01-01,23055.164999999997,34875.0,0.6610799999999999,2019-01-01
EC,2019-02-01,20824.02,31500.0,0.66108,2019-01-01
EC,2019-03-01,23055.164999999997,34875.0,0.6610799999999999,2019-01-01
AP,2019-01-01,2105.334,3038.0,0.693,2019-01-01
AP,2019-02-01,1901.5919999999999,2744.0,0.693,2019-01-01
AP,2019-03-01,2105.334,3038.0,0.693,2019-01-01
2A,2019-01-01,79470.73199999999,81840.0,0.9710499999999999,2019-01-01
2A,2019-02-01,71780.01599999999,73920.0,0.9710499999999999,2019-01-01
2A,2019-03-01,79470.73199999999,81840.0,0.9710499999999999,2019-01-01
2B,2019-01-01,16572.6,16740.0,0.9899999999999999,2019-01-01
2B,2019-02-01,14968.8,15120.0,0.99,2019-01-01
2B,2019-03-01,16572.6,16740.0,0.9899999999999999,2019-01-01
2C,2019-01-01,28050.66,28334.0,0.99,2019-01-01
2C,2019-02-01,25336.079999999998,25592.0,0.9899999999999999,2019-01-01
2C,2019-03-01,28050.66,28334.0,0.99,2019-01-01
3A,2019-01-01,16047.801,23157.0,0.693,2019-01-01
3A,2019-02-01,14494.787999999999,20916.0,0.693,2019-01-01
3A,2019-03-01,16047.801,23157.0,0.693,2019-01-01
3B,2019-01-01,113145.80671009157,153605.0,0.7366023678271643,2019-01-01
3B,2019-02-01,134716.54,138740.0,0.9710000000000001,2019-01-01
3B,2019-03-01,149150.455,153605.0,0.9709999999999999,2019-01-01
3C,2019-01-01,112662.99,113801.0,0.99,2019-01-01
3C,2019-02-01,101760.12,102788.0,0.99,2019-01-01
3C,2019-03-01,112662.99,113801.0,0.99,2019-01-01
3D,2019-01-01,4773.027839999999,7936.0,0.6014399999999999,2019-01-01
3D,2019-02-01,4311.12192,7168.0,0.60144,2019-01-01
3D,2019-03-01,4773.027839999999,7936.0,0.6014399999999999,2019-01-01
3E,2019-01-01,4204.53,4247.0,0.99,2019-01-01
3E,2019-02-01,3797.64,3836.0,0.99,2019-01-01
3E,2019-03-01,4204.53,4247.0,0.99,2019-01-01
P4,2019-01-01,20352.54625,21173.0,0.9612499999999999,2019-01-01
P4,2019-02-01,18382.945,19124.0,0.9612499999999999,2019-01-01
P4,2019-03-01,20352.54625,21173.0,0.9612499999999999,2019-01-01
P5,2019-01-01,77565.33037538886,87978.0,0.8816446199662287,2019-01-01
P5,2019-02-01,77012.5356,79464.0,0.9691500000000001,2019-01-01
P5,2019-03-01,85263.8787,87978.0,0.9691500000000001,2019-01-01
EC,2019-02-01,29775.0432,31528.0,0.9444,2019-02-01
EC,2019-03-01,32965.2264,34906.0,0.9444,2019-02-01
EC,2019-04-01,31901.832000000002,33780.0,0.9444,2019-02-01
AP,2019-02-01,1901.5919999999999,2744.0,0.693,2019-02-01
AP,2019-03-01,2105.334,3038.0,0.693,2019-02-01
AP,2019-04-01,2037.4199999999998,2940.0,0.693,2019-02-01
2A,2019-02-01,72813.21319999998,74984.0,0.9710499999999997,2019-02-01
2A,2019-03-01,80614.62889999998,83018.0,0.9710499999999997,2019-02-01
2A,2019-04-01,78014.15699999999,80340.0,0.9710499999999999,2019-02-01
2B,2019-02-01,15162.84,15316.0,0.99,2019-02-01
2B,2019-03-01,16787.43,16957.0,0.99,2019-02-01
2B,2019-04-01,16245.9,16410.0,0.99,2019-02-01
2C,2019-02-01,25585.56,25844.0,0.9900000000000001,2019-02-01
2C,2019-03-01,28326.87,28613.0,0.99,2019-02-01
2C,2019-04-01,27413.1,27690.0,0.99,2019-02-01
3A,2019-02-01,14455.98,20860.0,0.693,2019-02-01
3A,2019-03-01,16004.835,23095.0,0.693,2019-02-01
3A,2019-04-01,15488.55,22350.0,0.693,2019-02-01
3B,2019-02-01,95957.3272,141176.0,0.6797,2019-02-01
3B,2019-03-01,142927.7543593526,156302.0,0.9144333044961204,2019-02-01
3B,2019-04-01,146873.46,151260.0,0.971,2019-02-01
3C,2019-02-01,102453.12,103488.0,0.99,2019-02-01
3C,2019-03-01,113430.24,114576.0,0.99,2019-02-01
3C,2019-04-01,109771.2,110880.0,0.99,2019-02-01
3D,2019-02-01,4311.12192,7168.0,0.60144,2019-02-01
3D,2019-03-01,4773.027839999999,7936.0,0.6014399999999999,2019-02-01
3D,2019-04-01,4619.0592,7680.0,0.60144,2019-02-01
3E,2019-02-01,3769.92,3808.0,0.99,2019-02-01
3E,2019-03-01,4173.84,4216.0,0.99,2019-02-01
3E,2019-04-01,4039.2,4080.0,0.99,2019-02-01
P4,2019-02-01,18490.605,19236.0,0.9612499999999999,2019-02-01
P4,2019-03-01,20471.741250000003,21297.0,0.9612500000000002,2019-02-01
P4,2019-04-01,19811.3625,20610.0,0.9612499999999999,2019-02-01
P5,2019-02-01,65271.31811067345,80500.0,0.8108238274617819,2019-02-01
P5,2019-03-01,86375.49375000001,89125.0,0.9691500000000001,2019-02-01
P5,2019-04-01,83589.1875,86250.0,0.96915,2019-02-01
EC,2019-03-01,32965.2264,34906.0,0.9444,2019-03-01
EC,2019-04-01,31901.832000000002,33780.0,0.9444,2019-03-01
EC,2019-05-01,32965.2264,34906.0,0.9444,2019-03-01
AP,2019-03-01,2105.334,3038.0,0.693,2019-03-01
AP,2019-04-01,2037.4199999999998,2940.0,0.693,2019-03-01
AP,2019-05-01,2105.334,3038.0,0.693,2019-03-01
2A,2019-03-01,80614.62889999998,83018.0,0.9710499999999997,2019-03-01
2A,2019-04-01,78014.15699999999,80340.0,0.9710499999999999,2019-03-01
2A,2019-05-01,80614.62889999998,83018.0,0.9710499999999997,2019-03-01
2B,2019-03-01,16787.43,16957.0,0.99,2019-03-01
2B,2019-04-01,16245.9,16410.0,0.99,2019-03-01
2B,2019-05-01,16787.43,16957.0,0.99,2019-03-01
2C,2019-03-01,28326.87,28613.0,0.99,2019-03-01
2C,2019-04-01,27413.1,27690.0,0.99,2019-03-01
2C,2019-05-01,28326.87,28613.0,0.99,2019-03-01
3A,2019-03-01,16004.835,23095.0,0.693,2019-03-01
3A,2019-04-01,15488.55,22350.0,0.693,2019-03-01
3A,2019-05-01,16004.835,23095.0,0.693,2019-03-01
3B,2019-03-01,106238.46939999999,156302.0,0.6797,2019-03-01
3B,2019-04-01,141518.67903359554,151260.0,0.9355988300515374,2019-03-01
3B,2019-05-01,151769.242,156302.0,0.971,2019-03-01
3C,2019-03-01,113430.24,114576.0,0.99,2019-03-01
3C,2019-04-01,109771.2,110880.0,0.99,2019-03-01
3C,2019-05-01,113430.24,114576.0,0.99,2019-03-01
3D,2019-03-01,4773.027839999999,7936.0,0.6014399999999999,2019-03-01
3D,2019-04-01,4619.0592,7680.0,0.60144,2019-03-01
3D,2019-05-01,4773.027839999999,7936.0,0.6014399999999999,2019-03-01
3E,2019-03-01,4173.84,4216.0,0.99,2019-03-01
3E,2019-04-01,4039.2,4080.0,0.99,2019-03-01
3E,2019-05-01,4173.84,4216.0,0.99,2019-03-01
P4,2019-03-01,20471.741250000003,21297.0,0.9612500000000002,2019-03-01
P4,2019-04-01,19811.3625,20610.0,0.9612499999999999,2019-03-01
P4,2019-05-01,20471.741250000003,21297.0,0.9612500000000002,2019-03-01
P5,2019-03-01,67616.78441560267,89125.0,0.7586735979310257,2019-03-01
P5,2019-04-01,83589.1875,86250.0,0.96915,2019-03-01
P5,2019-05-01,86375.49375000001,89125.0,0.9691500000000001,2019-03-01
EC,2019-04-01,31901.832000000002,33780.0,0.9444,2019-04-01
EC,2019-05-01,32965.2264,34906.0,0.9444,2019-04-01
EC,2019-06-01,31901.832000000002,33780.0,0.9444,2019-04-01
AP,2019-04-01,2037.4199999999998,2940.0,0.693,2019-04-01
AP,2019-05-01,2105.334,3038.0,0.693,2019-04-01
AP,2019-06-01,2037.4199999999998,2940.0,0.693,2019-04-01
2A,2019-04-01,78014.15699999999,80340.0,0.9710499999999999,2019-04-01
2A,2019-05-01,80614.62889999998,83018.0,0.9710499999999997,2019-04-01
2A,2019-06-01,78014.15699999999,80340.0,0.9710499999999999,2019-04-01
2B,2019-04-01,16245.9,16410.0,0.99,2019-04-01
2B,2019-05-01,16787.43,16957.0,0.99,2019-04-01
2B,2019-06-01,16245.9,16410.0,0.99,2019-04-01
2C,2019-04-01,27413.1,27690.0,0.99,2019-04-01
2C,2019-05-01,28326.87,28613.0,0.99,2019-04-01
2C,2019-06-01,27413.1,27690.0,0.99,2019-04-01
3A,2019-04-01,15488.55,22350.0,0.693,2019-04-01
3A,2019-05-01,16004.835,23095.0,0.693,2019-04-01
3A,2019-06-01,15488.55,22350.0,0.693,2019-04-01
3B,2019-04-01,134791.59169078953,151260.0,0.8911251599285306,2019-04-01
3B,2019-05-01,151769.242,156302.0,0.971,2019-04-01
3B,2019-06-01,146873.46,151260.0,0.971,2019-04-01
3C,2019-04-01,109771.2,110880.0,0.99,2019-04-01
3C,2019-05-01,113430.24,114576.0,0.99,2019-04-01
3C,2019-06-01,109771.2,110880.0,0.99,2019-04-01
3D,2019-04-01,4619.0592,7680.0,0.60144,2019-04-01
3D,2019-05-01,4773.027839999999,7936.0,0.6014399999999999,2019-04-01
3D,2019-06-01,4619.0592,7680.0,0.60144,2019-04-01
3E,2019-04-01,4039.2,4080.0,0.99,2019-04-01
3E,2019-05-01,4173.84,4216.0,0.99,2019-04-01
3E,2019-06-01,4039.2,4080.0,0.99,2019-04-01
P4,2019-04-01,19811.3625,20610.0,0.9612499999999999,2019-04-01
P4,2019-05-01,20471.741250000003,21297.0,0.9612500000000002,2019-04-01
P4,2019-06-01,19811.3625,20610.0,0.9612499999999999,2019-04-01
P5,2019-04-01,65008.864396224504,86250.0,0.7537259640141971,2019-04-01
P5,2019-05-01,86375.49375000001,89125.0,0.9691500000000001,2019-04-01
P5,2019-06-01,83589.1875,86250.0,0.96915,2019-04-01
EC,2019-05-01,32965.2264,34906.0,0.9444,2019-05-01
EC,2019-06-01,31901.832000000002,33780.0,0.9444,2019-05-01
EC,2019-07-01,32965.2264,34906.0,0.9444,2019-05-01
AP,2019-05-01,2105.334,3038.0,0.693,2019-05-01
AP,2019-06-01,2037.4199999999998,2940.0,0.693,2019-05-01
AP,2019-07-01,2105.334,3038.0,0.693,2019-05-01
2A,2019-05-01,80614.62889999998,83018.0,0.9710499999999997,2019-05-01
2A,2019-06-01,78014.15699999999,80340.0,0.9710499999999999,2019-05-01
2A,2019-07-01,80614.62889999998,83018.0,0.9710499999999997,2019-05-01
2B,2019-05-01,16787.43,16957.0,0.99,2019-05-01
2B,2019-06-01,16245.9,16410.0,0.99,2019-05-01
2B,2019-07-01,16787.43,16957.0,0.99,2019-05-01
2C,2019-05-01,28326.87,28613.0,0.99,2019-05-01
2C,2019-06-01,27413.1,27690.0,0.99,2019-05-01
2C,2019-07-01,28326.87,28613.0,0.99,2019-05-01
3A,2019-05-01,16004.835,23095.0,0.693,2019-05-01
3A,2019-06-01,15488.55,22350.0,0.693,2019-05-01
3A,2019-07-01,16004.835,23095.0,0.693,2019-05-01
3B,2019-05-01,142418.57926089742,156302.0,0.9111756680074306,2019-05-01
3B,2019-06-01,146873.46,151260.0,0.971,2019-05-01
3B,2019-07-01,151769.242,156302.0,0.971,2019-05-01
3C,2019-05-01,113430.24,114576.0,0.99,2019-05-01
3C,2019-06-01,109771.2,110880.0,0.99,2019-05-01
3C,2019-07-01,113430.24,114576.0,0.99,2019-05-01
3D,2019-05-01,4773.027839999999,7936.0,0.6014399999999999,2019-05-01
3D,2019-06-01,4619.0592,7680.0,0.60144,2019-05-01
3D,2019-07-01,4773.027839999999,7936.0,0.6014399999999999,2019-05-01
3E,2019-05-01,4173.84,4216.0,0.99,2019-05-01
3E,2019-06-01,4039.2,4080.0,0.99,2019-05-01
3E,2019-07-01,4173.84,4216.0,0.99,2019-05-01
P4,2019-05-01,20471.741250000003,21297.0,0.9612500000000002,2019-05-01
P4,2019-06-01,19811.3625,20610.0,0.9612499999999999,2019-05-01
P4,2019-07-01,20471.741250000003,21297.0,0.9612500000000002,2019-05-01
P5,2019-05-01,86375.49375000001,89125.0,0.9691500000000001,2019-05-01
P5,2019-06-01,83589.1875,86250.0,0.96915,2019-05-01
P5,2019-07-01,86375.49375000001,89125.0,0.9691500000000001,2019-05-01
EC,2019-06-01,31901.832000000002,33780.0,0.9444,2019-06-01
EC,2019-07-01,32965.2264,34906.0,0.9444,2019-06-01
EC,2019-08-01,32965.2264,34906.0,0.9444,2019-06-01
AP,2019-06-01,2037.4199999999998,2940.0,0.693,2019-06-01
AP,2019-07-01,2105.334,3038.0,0.693,2019-06-01
AP,2019-08-01,2105.334,3038.0,0.693,2019-06-01
2A,2019-06-01,78014.15699999999,80340.0,0.9710499999999999,2019-06-01
2A,2019-07-01,80614.62889999998,83018.0,0.9710499999999997,2019-06-01
2A,2019-08-01,80614.62889999998,83018.0,0.9710499999999997,2019-06-01
2B,2019-06-01,16245.9,16410.0,0.99,2019-06-01
2B,2019-07-01,16787.43,16957.0,0.99,2019-06-01
2B,2019-08-01,16787.43,16957.0,0.99,2019-06-01
2C,2019-06-01,27413.1,27690.0,0.99,2019-06-01
2C,2019-07-01,28326.87,28613.0,0.99,2019-06-01
2C,2019-08-01,28326.87,28613.0,0.99,2019-06-01
3A,2019-06-01,15488.55,22350.0,0.693,2019-06-01
3A,2019-07-01,16004.835,23095.0,0.693,2019-06-01
3A,2019-08-01,16004.835,23095.0,0.693,2019-06-01
3B,2019-06-01,146873.46,151260.0,0.971,2019-06-01
3B,2019-07-01,151769.242,156302.0,0.971,2019-06-01
3B,2019-08-01,151769.242,156302.0,0.971,2019-06-01
3C,2019-06-01,109771.2,110880.0,0.99,2019-06-01
3C,2019-07-01,113430.24,114576.0,0.99,2019-06-01
3C,2019-08-01,113430.24,114576.0,0.99,2019-06-01
3D,2019-06-01,4619.0592,7680.0,0.60144,2019-06-01
3D,2019-07-01,4773.027839999999,7936.0,0.6014399999999999,2019-06-01
3D,2019-08-01,4773.027839999999,7936.0,0.6014399999999999,2019-06-01
3E,2019-06-01,4039.2,4080.0,0.99,2019-06-01
3E,2019-07-01,4173.84,4216.0,0.99,2019-06-01
3E,2019-08-01,4173.84,4216.0,0.99,2019-06-01
P4,2019-06-01,19811.3625,20610.0,0.9612499999999999,2019-06-01
P4,2019-07-01,20471.741250000003,21297.0,0.9612500000000002,2019-06-01
P4,2019-08-01,20471.741250000003,21297.0,0.9612500000000002,2019-06-01
P5,2019-06-01,83589.1875,86250.0,0.96915,2019-06-01
P5,2019-07-01,86375.49375000001,89125.0,0.9691500000000001,2019-06-01
P5,2019-08-01,86375.49375000001,89125.0,0.9691500000000001,2019-06-01
EC,2019-07-01,32965.2264,34906.0,0.9444,2019-07-01
EC,2019-08-01,32965.2264,34906.0,0.9444,2019-07-01
EC,2019-09-01,31901.832000000002,33780.0,0.9444,2019-07-01
AP,2019-07-01,2105.334,3038.0,0.693,2019-07-01
AP,2019-08-01,2105.334,3038.0,0.693,2019-07-01
AP,2019-09-01,2037.4199999999998,2940.0,0.693,2019-07-01
2A,2019-07-01,80614.62889999998,83018.0,0.9710499999999997,2019-07-01
2A,2019-08-01,80614.62889999998,83018.0,0.9710499999999997,2019-07-01
2A,2019-09-01,78014.15699999999,80340.0,0.9710499999999999,2019-07-01
2B,2019-07-01,16787.43,16957.0,0.99,2019-07-01
2B,2019-08-01,16787.43,16957.0,0.99,2019-07-01
2B,2019-09-01,16245.9,16410.0,0.99,2019-07-01
2C,2019-07-01,28326.87,28613.0,0.99,2019-07-01
2C,2019-08-01,28326.87,28613.0,0.99,2019-07-01
2C,2019-09-01,27413.1,27690.0,0.99,2019-07-01
3A,2019-07-01,16004.835,23095.0,0.693,2019-07-01
3A,2019-08-01,16004.835,23095.0,0.693,2019-07-01
3A,2019-09-01,15488.55,22350.0,0.693,2019-07-01
3B,2019-07-01,125465.5482892422,156302.0,0.8027123663756203,2019-07-01
3B,2019-08-01,151769.242,156302.0,0.971,2019-07-01
3B,2019-09-01,146873.46,151260.0,0.971,2019-07-01
3C,2019-07-01,113430.24,114576.0,0.99,2019-07-01
3C,2019-08-01,113430.24,114576.0,0.99,2019-07-01
3C,2019-09-01,109771.2,110880.0,0.99,2019-07-01
3D,2019-07-01,4773.027839999999,7936.0,0.6014399999999999,2019-07-01
3D,2019-08-01,4773.027839999999,7936.0,0.6014399999999999,2019-07-01
3D,2019-09-01,4619.0592,7680.0,0.60144,2019-07-01
3E,2019-07-01,2921.688,4216.0,0.6930000000000001,2019-07-01
3E,2019-08-01,4173.84,4216.0,0.99,2019-07-01
3E,2019-09-01,4039.2,4080.0,0.99,2019-07-01
P4,2019-07-01,20573.966849999997,21297.0,0.9660499999999999,2019-07-01
P4,2019-08-01,20573.966849999997,21297.0,0.9660499999999999,2019-07-01
P4,2019-09-01,19910.290499999996,20610.0,0.9660499999999997,2019-07-01
P5,2019-07-01,86375.49375000001,89125.0,0.9691500000000001,2019-07-01
P5,2019-08-01,86375.49375000001,89125.0,0.9691500000000001,2019-07-01
P5,2019-09-01,83589.1875,86250.0,0.96915,2019-07-01
EC,2019-08-01,32965.2264,34906.0,0.9444,2019-08-01
EC,2019-09-01,31901.832000000002,33780.0,0.9444,2019-08-01
EC,2019-10-01,32965.2264,34906.0,0.9444,2019-08-01
AP,2019-08-01,2105.334,3038.0,0.693,2019-08-01
AP,2019-09-01,2037.4199999999998,2940.0,0.693,2019-08-01
AP,2019-10-01,2105.334,3038.0,0.693,2019-08-01
2A,2019-08-01,80647.8361,83018.0,0.97145,2019-08-01
2A,2019-09-01,78046.29299999999,80340.0,0.9714499999999999,2019-08-01
2A,2019-10-01,80647.8361,83018.0,0.97145,2019-08-01
2B,2019-08-01,16787.43,16957.0,0.99,2019-08-01
2B,2019-09-01,16245.9,16410.0,0.99,2019-08-01
2B,2019-10-01,16787.43,16957.0,0.99,2019-08-01
2C,2019-08-01,28326.87,28613.0,0.99,2019-08-01
2C,2019-09-01,27413.1,27690.0,0.99,2019-08-01
2C,2019-10-01,28326.87,28613.0,0.99,2019-08-01
3A,2019-08-01,16004.835,23095.0,0.693,2019-08-01
3A,2019-09-01,15488.55,22350.0,0.693,2019-08-01
3A,2019-10-01,16004.835,23095.0,0.693,2019-08-01
3B,2019-08-01,112576.1738843076,156302.0,0.7202478143869406,2019-08-01
3B,2019-09-01,146873.46,151260.0,0.971,2019-08-01
3B,2019-10-01,151769.242,156302.0,0.971,2019-08-01
3C,2019-08-01,113430.24,114576.0,0.99,2019-08-01
3C,2019-09-01,109771.2,110880.0,0.99,2019-08-01
3C,2019-10-01,113430.24,114576.0,0.99,2019-08-01
3D,2019-08-01,4773.027839999999,7936.0,0.6014399999999999,2019-08-01
3D,2019-09-01,4619.0592,7680.0,0.60144,2019-08-01
3D,2019-10-01,4773.027839999999,7936.0,0.6014399999999999,2019-08-01
3E,2019-08-01,4173.84,4216.0,0.99,2019-08-01
3E,2019-09-01,4039.2,4080.0,0.99,2019-08-01
3E,2019-10-01,4173.84,4216.0,0.99,2019-08-01
P4,2019-08-01,20616.560849999998,21297.0,0.9680499999999999,2019-08-01
P4,2019-09-01,19951.5105,20610.0,0.96805,2019-08-01
P4,2019-10-01,20616.560849999998,21297.0,0.9680499999999999,2019-08-01
P5,2019-08-01,80388.11923566958,89125.0,0.9019704823076531,2019-08-01
P5,2019-09-01,83589.1875,86250.0,0.96915,2019-08-01
P5,2019-10-01,86375.49375000001,89125.0,0.9691500000000001,2019-08-01
EC,2019-09-01,31901.832000000002,33780.0,0.9444,2019-09-01
EC,2019-10-01,32965.2264,34906.0,0.9444,2019-09-01
EC,2019-11-01,31901.832000000002,33780.0,0.9444,2019-09-01
AP,2019-09-01,2037.4199999999998,2940.0,0.693,2019-09-01
AP,2019-10-01,2105.334,3038.0,0.693,2019-09-01
AP,2019-11-01,2037.4199999999998,2940.0,0.693,2019-09-01
2A,2019-09-01,78753.285,80340.0,0.9802500000000001,2019-09-01
2A,2019-10-01,81378.39450000001,83018.0,0.9802500000000001,2019-09-01
2A,2019-11-01,78753.285,80340.0,0.9802500000000001,2019-09-01
2B,2019-09-01,16245.9,16410.0,0.99,2019-09-01
2B,2019-10-01,16787.43,16957.0,0.99,2019-09-01
2B,2019-11-01,16245.9,16410.0,0.99,2019-09-01
2C,2019-09-01,27413.1,27690.0,0.99,2019-09-01
2C,2019-10-01,28326.87,28613.0,0.99,2019-09-01
2C,2019-11-01,27413.1,27690.0,0.99,2019-09-01
3A,2019-09-01,15488.55,22350.0,0.693,2019-09-01
3A,2019-10-01,16004.835,23095.0,0.693,2019-09-01
3A,2019-11-01,15488.55,22350.0,0.693,2019-09-01
3B,2019-09-01,102811.42199999999,151260.0,0.6797,2019-09-01
3B,2019-10-01,140233.2558955028,156302.0,0.897194251484324,2019-09-01
3B,2019-11-01,146873.46,151260.0,0.971,2019-09-01
3C,2019-09-01,109771.2,110880.0,0.99,2019-09-01
3C,2019-10-01,113430.24,114576.0,0.99,2019-09-01
3C,2019-11-01,109771.2,110880.0,0.99,2019-09-01
3D,2019-09-01,4619.0592,7680.0,0.60144,2019-09-01
3D,2019-10-01,4773.027839999999,7936.0,0.6014399999999999,2019-09-01
3D,2019-11-01,4619.0592,7680.0,0.60144,2019-09-01
3E,2019-09-01,4039.2,4080.0,0.99,2019-09-01
3E,2019-10-01,4173.84,4216.0,0.99,2019-09-01
3E,2019-11-01,4039.2,4080.0,0.99,2019-09-01
P4,2019-09-01,19951.5105,20610.0,0.96805,2019-09-01
P4,2019-10-01,20616.560849999998,21297.0,0.9680499999999999,2019-09-01
P4,2019-11-01,19951.5105,20610.0,0.96805,2019-09-01
P5,2019-09-01,69743.7053758409,86250.0,0.8086226710242423,2019-09-01
P5,2019-10-01,86375.49375000001,89125.0,0.9691500000000001,2019-09-01
P5,2019-11-01,83589.1875,86250.0,0.96915,2019-09-01
EC,2019-10-01,32965.2264,34906.0,0.9444,2019-10-01
EC,2019-11-01,31901.832000000002,33780.0,0.9444,2019-10-01
EC,2019-12-01,32965.2264,34906.0,0.9444,2019-10-01
AP,2019-10-01,2105.334,3038.0,0.693,2019-10-01
AP,2019-11-01,2037.4199999999998,2940.0,0.693,2019-10-01
AP,2019-12-01,2105.334,3038.0,0.693,2019-10-01
2A,2019-10-01,81378.39450000001,83018.0,0.9802500000000001,2019-10-01
2A,2019-11-01,78753.285,80340.0,0.9802500000000001,2019-10-01
2A,2019-12-01,81378.39450000001,83018.0,0.9802500000000001,2019-10-01
2B,2019-10-01,16787.43,16957.0,0.99,2019-10-01
2B,2019-11-01,16245.9,16410.0,0.99,2019-10-01
2B,2019-12-01,16787.43,16957.0,0.99,2019-10-01
2C,2019-10-01,28326.87,28613.0,0.99,2019-10-01
2C,2019-11-01,27413.1,27690.0,0.99,2019-10-01
2C,2019-12-01,28326.87,28613.0,0.99,2019-10-01
3A,2019-10-01,16004.835,23095.0,0.693,2019-10-01
3A,2019-11-01,15488.55,22350.0,0.693,2019-10-01
3A,2019-12-01,16004.835,23095.0,0.693,2019-10-01
3B,2019-10-01,106238.46939999999,156302.0,0.6797,2019-10-01
3B,2019-11-01,110482.29091832016,151260.0,0.7304131357815692,2019-10-01
3B,2019-12-01,151769.242,156302.0,0.971,2019-10-01
3C,2019-10-01,113430.24,114576.0,0.99,2019-10-01
3C,2019-11-01,109771.2,110880.0,0.99,2019-10-01
3C,2019-12-01,113430.24,114576.0,0.99,2019-10-01
3D,2019-10-01,4773.027839999999,7936.0,0.6014399999999999,2019-10-01
3D,2019-11-01,4619.0592,7680.0,0.60144,2019-10-01
3D,2019-12-01,4773.027839999999,7936.0,0.6014399999999999,2019-10-01
3E,2019-10-01,4173.84,4216.0,0.99,2019-10-01
3E,2019-11-01,4039.2,4080.0,0.99,2019-10-01
3E,2019-12-01,4173.84,4216.0,0.99,2019-10-01
P4,2019-10-01,20596.3287,21297.0,0.9671,2019-10-01
P4,2019-11-01,19931.931,20610.0,0.9671000000000001,2019-10-01
P4,2019-12-01,20596.3287,21297.0,0.9671,2019-10-01
P5,2019-10-01,74696.73082690024,89125.0,0.8381119868375904,2019-10-01
P5,2019-11-01,81307.50198416445,86250.0,0.9426956751787183,2019-10-01
P5,2019-12-01,86375.49375000001,89125.0,0.9691500000000001,2019-10-01
EC,2019-11-01,31901.832000000002,33780.0,0.9444,2019-11-01
EC,2019-12-01,32965.2264,34906.0,0.9444,2019-11-01
EC,2020-01-01,32965.2264,34906.0,0.9444,2019-11-01
AP,2019-11-01,2037.4199999999998,2940.0,0.693,2019-11-01
AP,2019-12-01,2105.334,3038.0,0.693,2019-11-01
AP,2020-01-01,2105.334,3038.0,0.693,2019-11-01
2A,2019-11-01,78753.285,80340.0,0.9802500000000001,2019-11-01
2A,2019-12-01,81378.39450000001,83018.0,0.9802500000000001,2019-11-01
2A,2020-01-01,81378.39450000001,83018.0,0.9802500000000001,2019-11-01
2B,2019-11-01,16245.9,16410.0,0.99,2019-11-01
2B,2019-12-01,16787.43,16957.0,0.99,2019-11-01
2B,2020-01-01,16787.43,16957.0,0.99,2019-11-01
2C,2019-11-01,27413.1,27690.0,0.99,2019-11-01
2C,2019-12-01,28326.87,28613.0,0.99,2019-11-01
2C,2020-01-01,28326.87,28613.0,0.99,2019-11-01
3A,2019-11-01,15488.55,22350.0,0.693,2019-11-01
3A,2019-12-01,16004.835,23095.0,0.693,2019-11-01
3A,2020-01-01,16004.835,23095.0,0.693,2019-11-01
3B,2019-11-01,102811.42199999999,151260.0,0.6797,2019-11-01
3B,2019-12-01,129572.75738452552,156302.0,0.8289897594690121,2019-11-01
3B,2020-01-01,151769.242,156302.0,0.971,2019-11-01
3C,2019-11-01,109771.2,110880.0,0.99,2019-11-01
3C,2019-12-01,113430.24,114576.0,0.99,2019-11-01
3C,2020-01-01,113430.24,114576.0,0.99,2019-11-01
3D,2019-11-01,4619.0592,7680.0,0.60144,2019-11-01
3D,2019-12-01,6818.611199999999,7936.0,0.8592,2019-11-01
3D,2020-01-01,6818.611199999999,7936.0,0.8592,2019-11-01
3E,2019-11-01,4039.2,4080.0,0.99,2019-11-01
3E,2019-12-01,4173.84,4216.0,0.99,2019-11-01
3E,2020-01-01,4173.84,4216.0,0.99,2019-11-01
P4,2019-11-01,19931.931,20610.0,0.9671000000000001,2019-11-01
P4,2019-12-01,20596.3287,21297.0,0.9671,2019-11-01
P4,2020-01-01,20596.3287,21297.0,0.9671,2019-11-01
P5,2019-11-01,71681.66396004731,86250.0,0.8310917560585196,2019-11-01
P5,2019-12-01,82368.64624802297,89125.0,0.9241923842695424,2019-11-01
P5,2020-01-01,86375.49375000001,89125.0,0.9691500000000001,2019-11-01
EC,2019-12-01,32965.2264,34906.0,0.9444,2019-12-01
EC,2020-01-01,32965.2264,34906.0,0.9444,2019-12-01
EC,2020-02-01,30838.4376,32654.0,0.9444,2019-12-01
AP,2019-12-01,2105.334,3038.0,0.693,2019-12-01
AP,2020-01-01,2105.334,3038.0,0.693,2019-12-01
AP,2020-02-01,1969.5059999999999,2842.0,0.693,2019-12-01
2A,2019-12-01,81378.39450000001,83018.0,0.9802500000000001,2019-12-01
2A,2020-01-01,81378.39450000001,83018.0,0.9802500000000001,2019-12-01
2A,2020-02-01,76128.17550000001,77662.0,0.9802500000000002,2019-12-01
2B,2019-12-01,16787.43,16957.0,0.99,2019-12-01
2B,2020-01-01,16787.43,16957.0,0.99,2019-12-01
2B,2020-02-01,15704.369999999999,15863.0,0.99,2019-12-01
2C,2019-12-01,28326.87,28613.0,0.99,2019-12-01
2C,2020-01-01,28326.87,28613.0,0.99,2019-12-01
2C,2020-02-01,26499.329999999998,26767.0,0.9899999999999999,2019-12-01
3A,2019-12-01,16004.835,23095.0,0.693,2019-12-01
3A,2020-01-01,16004.835,23095.0,0.693,2019-12-01
3A,2020-02-01,14972.265,21605.0,0.693,2019-12-01
3B,2019-12-01,106238.46939999999,156302.0,0.6797,2019-12-01
3B,2020-01-01,134142.64257846374,156302.0,0.8582272944585722,2019-12-01
3B,2020-02-01,141977.67799999999,146218.0,0.9709999999999999,2019-12-01
3C,2019-12-01,113430.24,114576.0,0.99,2019-12-01
3C,2020-01-01,113430.24,114576.0,0.99,2019-12-01
3C,2020-02-01,106112.16,107184.0,0.99,2019-12-01
3D,2019-12-01,4773.027839999999,7936.0,0.6014399999999999,2019-12-01
3D,2020-01-01,4773.027839999999,7936.0,0.6014399999999999,2019-12-01
3D,2020-02-01,4465.09056,7424.0,0.60144,2019-12-01
3E,2019-12-01,4173.84,4216.0,0.99,2019-12-01
3E,2020-01-01,4173.84,4216.0,0.99,2019-12-01
3E,2020-02-01,3904.56,3944.0,0.99,2019-12-01
P4,2019-12-01,20596.3287,21297.0,0.9671,2019-12-01
P4,2020-01-01,20596.3287,21297.0,0.9671,2019-12-01
P4,2020-02-01,19267.5333,19923.0,0.9671,2019-12-01
P5,2019-12-01,65314.79484616274,89125.0,0.7328448229583477,2019-12-01
P5,2020-01-01,74957.34254233651,89125.0,0.8410361014567912,2019-12-01
P5,2020-02-01,80802.88125,83375.0,0.9691500000000001,2019-12-01
EC,2020-01-01,32965.2264,34906.0,0.9444,2020-01-01
EC,2020-02-01,30838.4376,32654.0,0.9444,2020-01-01
EC,2020-03-01,32965.2264,34906.0,0.9444,2020-01-01
AP,2020-01-01,2105.334,3038.0,0.693,2020-01-01
AP,2020-02-01,1969.5059999999999,2842.0,0.693,2020-01-01
AP,2020-03-01,2105.334,3038.0,0.693,2020-01-01
2A,2020-01-01,81378.39450000001,83018.0,0.9802500000000001,2020-01-01
2A,2020-02-01,76128.17550000001,77662.0,0.9802500000000002,2020-01-01
2A,2020-03-01,81378.39450000001,83018.0,0.9802500000000001,2020-01-01
2B,2020-01-01,16787.43,16957.0,0.99,2020-01-01
2B,2020-02-01,15704.369999999999,15863.0,0.99,2020-01-01
2B,2020-03-01,16787.43,16957.0,0.99,2020-01-01
2C,2020-01-01,28326.87,28613.0,0.99,2020-01-01
2C,2020-02-01,26499.329999999998,26767.0,0.9899999999999999,2020-01-01
2C,2020-03-01,28326.87,28613.0,0.99,2020-01-01
3A,2020-01-01,16004.835,23095.0,0.693,2020-01-01
3A,2020-02-01,14972.265,21605.0,0.693,2020-01-01
3A,2020-03-01,16004.835,23095.0,0.693,2020-01-01
3B,2020-01-01,106238.46939999999,156302.0,0.6797,2020-01-01
3B,2020-02-01,100697.6461584256,146218.0,0.6886815997922664,2020-01-01
3B,2020-03-01,151769.242,156302.0,0.971,2020-01-01
3C,2020-01-01,113430.24,114576.0,0.99,2020-01-01
3C,2020-02-01,106112.16,107184.0,0.99,2020-01-01
3C,2020-03-01,113430.24,114576.0,0.99,2020-01-01
3D,2020-01-01,4773.027839999999,7936.0,0.6014399999999999,2020-01-01
3D,2020-02-01,4465.09056,7424.0,0.60144,2020-01-01
3D,2020-03-01,4773.027839999999,7936.0,0.6014399999999999,2020-01-01
3E,2020-01-01,2921.688,4216.0,0.6930000000000001,2020-01-01
3E,2020-02-01,2733.192,3944.0,0.693,2020-01-01
3E,2020-03-01,2921.688,4216.0,0.6930000000000001,2020-01-01
P4,2020-01-01,20596.3287,21297.0,0.9671,2020-01-01
P4,2020-02-01,19267.5333,19923.0,0.9671,2020-01-01
P4,2020-03-01,20596.3287,21297.0,0.9671,2020-01-01
P5,2020-01-01,70614.44166322006,89125.0,0.7923079008495939,2020-01-01
P5,2020-02-01,80802.88125,83375.0,0.9691500000000001,2020-01-01
P5,2020-03-01,86375.49375000001,89125.0,0.9691500000000001,2020-01-01
EC,2020-02-01,30838.4376,32654.0,0.9444,2020-02-01
EC,2020-03-01,32965.2264,34906.0,0.9444,2020-02-01
EC,2020-04-01,31901.832000000002,33780.0,0.9444,2020-02-01
AP,2020-02-01,1969.5059999999999,2842.0,0.693,2020-02-01
AP,2020-03-01,2105.334,3038.0,0.693,2020-02-01
AP,2020-04-01,2037.4199999999998,2940.0,0.693,2020-02-01
2A,2020-02-01,76838.85675,78387.0,0.9802500000000001,2020-02-01
2A,2020-03-01,82138.08825,83793.0,0.98025,2020-02-01
2A,2020-04-01,79488.4725,81090.0,0.9802500000000001,2020-02-01
2B,2020-02-01,16249.86,16414.0,0.99,2020-02-01
2B,2020-03-01,17370.54,17546.0,0.9900000000000001,2020-02-01
2B,2020-04-01,16810.2,16980.0,0.99,2020-02-01
2C,2020-02-01,26614.17,26883.0,0.9899999999999999,2020-02-01
2C,2020-03-01,28449.63,28737.0,0.99,2020-02-01
2C,2020-04-01,27531.9,27810.0,0.9900000000000001,2020-02-01
3A,2020-02-01,14911.973999999998,21518.0,0.693,2020-02-01
3A,2020-03-01,15940.385999999999,23002.0,0.693,2020-02-01
3A,2020-04-01,15426.18,22260.0,0.6930000000000001,2020-02-01
3B,2020-02-01,100803.58819999998,148306.0,0.6796999999999999,2020-02-01
3B,2020-03-01,107755.55979999999,158534.0,0.6797,2020-02-01
3B,2020-04-01,148970.82,153420.0,0.9710000000000001,2020-02-01
3C,2020-02-01,107145.72,108228.0,0.99,2020-02-01
3C,2020-03-01,114535.08,115692.0,0.99,2020-02-01
3C,2020-04-01,110840.4,111960.0,0.99,2020-02-01
3D,2020-02-01,4499.974079999999,7482.0,0.6014399999999999,2020-02-01
3D,2020-03-01,4810.31712,7998.0,0.60144,2020-02-01
3D,2020-04-01,4655.1456,7740.0,0.60144,2020-02-01
3E,2020-02-01,2753.2889999999998,3973.0,0.693,2020-02-01
3E,2020-03-01,2943.171,4247.0,0.693,2020-02-01
3E,2020-04-01,2848.23,4110.0,0.693,2020-02-01
P4,2020-02-01,19576.0382,20242.0,0.9671,2020-02-01
P4,2020-03-01,20926.1098,21638.0,0.9671,2020-02-01
P4,2020-04-01,20251.074,20940.0,0.9671000000000001,2020-02-01
P5,2020-02-01,60240.701762341414,83375.0,0.7225271575693123,2020-02-01
P5,2020-03-01,86375.49375000001,89125.0,0.9691500000000001,2020-02-01
P5,2020-04-01,83589.1875,86250.0,0.96915,2020-02-01
EC,2020-03-01,32965.2264,34906.0,0.9444,2020-03-01
EC,2020-04-01,31901.832000000002,33780.0,0.9444,2020-03-01
EC,2020-05-01,32965.2264,34906.0,0.9444,2020-03-01
AP,2020-03-01,2105.334,3038.0,0.693,2020-03-01
AP,2020-04-01,2037.4199999999998,2940.0,0.693,2020-03-01
AP,2020-05-01,2105.334,3038.0,0.693,2020-03-01
2A,2020-03-01,82138.08825,83793.0,0.98025,2020-03-01
2A,2020-04-01,79488.4725,81090.0,0.9802500000000001,2020-03-01
2A,2020-05-01,82138.08825,83793.0,0.98025,2020-03-01
2B,2020-03-01,17370.54,17546.0,0.9900000000000001,2020-03-01
2B,2020-04-01,16810.2,16980.0,0.99,2020-03-01
2B,2020-05-01,17370.54,17546.0,0.9900000000000001,2020-03-01
2C,2020-03-01,28449.63,28737.0,0.99,2020-03-01
2C,2020-04-01,27531.9,27810.0,0.9900000000000001,2020-03-01
2C,2020-05-01,28449.63,28737.0,0.99,2020-03-01
3A,2020-03-01,15940.385999999999,23002.0,0.693,2020-03-01
3A,2020-04-01,15426.18,22260.0,0.6930000000000001,2020-03-01
3A,2020-05-01,15940.385999999999,23002.0,0.693,2020-03-01
3B,2020-03-01,107755.55979999999,158534.0,0.6797,2020-03-01
3B,2020-04-01,104279.574,153420.0,0.6797,2020-03-01
3B,2020-05-01,127601.8251427142,158534.0,0.8048861767363101,2020-03-01
3C,2020-03-01,114535.08,115692.0,0.99,2020-03-01
3C,2020-04-01,110840.4,111960.0,0.99,2020-03-01
3C,2020-05-01,114535.08,115692.0,0.99,2020-03-01
3D,2020-03-01,4810.31712,7998.0,0.60144,2020-03-01
3D,2020-04-01,4655.1456,7740.0,0.60144,2020-03-01
3D,2020-05-01,4810.31712,7998.0,0.60144,2020-03-01
3E,2020-03-01,2943.171,4247.0,0.693,2020-03-01
3E,2020-04-01,2848.23,4110.0,0.693,2020-03-01
3E,2020-05-01,2943.171,4247.0,0.693,2020-03-01
P4,2020-03-01,20926.1098,21638.0,0.9671,2020-03-01
P4,2020-04-01,20251.074,20940.0,0.9671000000000001,2020-03-01
P4,2020-05-01,20926.1098,21638.0,0.9671,2020-03-01
P5,2020-03-01,86211.08469520233,89125.0,0.9673052981228872,2020-03-01
P5,2020-04-01,83589.1875,86250.0,0.96915,2020-03-01
P5,2020-05-01,86375.49375000001,89125.0,0.9691500000000001,2020-03-01
EC,2020-04-01,31901.832000000002,33780.0,0.9444,2020-04-01
EC,2020-05-01,32965.2264,34906.0,0.9444,2020-04-01
EC,2020-06-01,31901.832000000002,33780.0,0.9444,2020-04-01
AP,2020-04-01,2037.4199999999998,2940.0,0.693,2020-04-01
AP,2020-05-01,2105.334,3038.0,0.693,2020-04-01
AP,2020-06-01,2037.4199999999998,2940.0,0.693,2020-04-01
2A,2020-04-01,79488.4725,81090.0,0.9802500000000001,2020-04-01
2A,2020-05-01,82138.08825,83793.0,0.98025,2020-04-01
2A,2020-06-01,79488.4725,81090.0,0.9802500000000001,2020-04-01
2B,2020-04-01,16810.2,16980.0,0.99,2020-04-01
2B,2020-05-01,17370.54,17546.0,0.9900000000000001,2020-04-01
2B,2020-06-01,16810.2,16980.0,0.99,2020-04-01
2C,2020-04-01,27531.9,27810.0,0.9900000000000001,2020-04-01
2C,2020-05-01,28449.63,28737.0,0.99,2020-04-01
2C,2020-06-01,27531.9,27810.0,0.9900000000000001,2020-04-01
3A,2020-04-01,15426.18,22260.0,0.6930000000000001,2020-04-01
3A,2020-05-01,15940.385999999999,23002.0,0.693,2020-04-01
3A,2020-06-01,15426.18,22260.0,0.6930000000000001,2020-04-01
3B,2020-04-01,104279.574,153420.0,0.6797,2020-04-01
3B,2020-05-01,107755.55979999999,158534.0,0.6797,2020-04-01
3B,2020-06-01,104279.574,153420.0,0.6797,2020-04-01
3C,2020-04-01,103890.75737674747,111960.0,0.9279274506676265,2020-04-01
3C,2020-05-01,114535.08,115692.0,0.99,2020-04-01
3C,2020-06-01,110840.4,111960.0,0.99,2020-04-01
3D,2020-04-01,4655.1456,7740.0,0.60144,2020-04-01
3D,2020-05-01,4810.31712,7998.0,0.60144,2020-04-01
3D,2020-06-01,4655.1456,7740.0,0.60144,2020-04-01
3E,2020-04-01,2848.23,4110.0,0.693,2020-04-01
3E,2020-05-01,2943.171,4247.0,0.693,2020-04-01
3E,2020-06-01,2848.23,4110.0,0.693,2020-04-01
P4,2020-04-01,20251.074,20940.0,0.9671000000000001,2020-04-01
P4,2020-05-01,20926.1098,21638.0,0.9671,2020-04-01
P4,2020-06-01,20251.074,20940.0,0.9671000000000001,2020-04-01
P5,2020-04-01,58512.431249999994,86250.0,0.6784049999999999,2020-04-01
P5,2020-05-01,65541.87208247109,89125.0,0.7353926741371231,2020-04-01
P5,2020-06-01,81769.14484342957,86250.0,0.9480480561557052,2020-04-01
EC,2020-05-01,23075.65848,34906.0,0.66108,2020-05-01
EC,2020-06-01,22331.2824,33780.0,0.66108,2020-05-01
EC,2020-07-01,23075.65848,34906.0,0.66108,2020-05-01
AP,2020-05-01,2105.334,3038.0,0.693,2020-05-01
AP,2020-06-01,2037.4199999999998,2940.0,0.693,2020-05-01
AP,2020-07-01,2105.334,3038.0,0.693,2020-05-01
2A,2020-05-01,82138.08825,83793.0,0.98025,2020-05-01
2A,2020-06-01,79488.4725,81090.0,0.9802500000000001,2020-05-01
2A,2020-07-01,82138.08825,83793.0,0.98025,2020-05-01
2B,2020-05-01,17370.54,17546.0,0.9900000000000001,2020-05-01
2B,2020-06-01,16810.2,16980.0,0.99,2020-05-01
2B,2020-07-01,17370.54,17546.0,0.9900000000000001,2020-05-01
2C,2020-05-01,28449.63,28737.0,0.99,2020-05-01
2C,2020-06-01,27531.9,27810.0,0.9900000000000001,2020-05-01
2C,2020-07-01,28449.63,28737.0,0.99,2020-05-01
3A,2020-05-01,15940.385999999999,23002.0,0.693,2020-05-01
3A,2020-06-01,15426.18,22260.0,0.6930000000000001,2020-05-01
3A,2020-07-01,15940.385999999999,23002.0,0.693,2020-05-01
3B,2020-05-01,107755.55979999999,158534.0,0.6797,2020-05-01
3B,2020-06-01,104279.574,153420.0,0.6797,2020-05-01
3B,2020-07-01,107755.55979999999,158534.0,0.6797,2020-05-01
3C,2020-05-01,80174.556,115692.0,0.693,2020-05-01
3C,2020-06-01,77588.27999999998,111960.0,0.6929999999999998,2020-05-01
3C,2020-07-01,109468.88321254011,115692.0,0.946209618750995,2020-05-01
3D,2020-05-01,4810.31712,7998.0,0.60144,2020-05-01
3D,2020-06-01,4655.1456,7740.0,0.60144,2020-05-01
3D,2020-07-01,4810.31712,7998.0,0.60144,2020-05-01
3E,2020-05-01,2943.171,4247.0,0.693,2020-05-01
3E,2020-06-01,2848.23,4110.0,0.693,2020-05-01
3E,2020-07-01,2943.171,4247.0,0.693,2020-05-01
P4,2020-05-01,20926.1098,21638.0,0.9671,2020-05-01
P4,2020-06-01,20251.074,20940.0,0.9671000000000001,2020-05-01
P4,2020-07-01,20926.1098,21638.0,0.9671,2020-05-01
P5,2020-05-01,60462.845625,89125.0,0.678405,2020-05-01
P5,2020-06-01,58512.431249999994,86250.0,0.6784049999999999,2020-05-01
P5,2020-07-01,60462.845625,89125.0,0.678405,2020-05-01
EC,2020-06-01,15687.428399999999,23730.0,0.66108,2020-06-01
EC,2020-07-01,16210.34268,24521.0,0.66108,2020-06-01
EC,2020-08-01,16210.34268,24521.0,0.66108,2020-06-01
AP,2020-06-01,2037.4199999999998,2940.0,0.693,2020-06-01
AP,2020-07-01,2105.334,3038.0,0.693,2020-06-01
AP,2020-08-01,2105.334,3038.0,0.693,2020-06-01
2A,2020-06-01,79488.4725,81090.0,0.9802500000000001,2020-06-01
2A,2020-07-01,82138.08825,83793.0,0.98025,2020-06-01
2A,2020-08-01,82138.08825,83793.0,0.98025,2020-06-01
2B,2020-06-01,16810.2,16980.0,0.99,2020-06-01
2B,2020-07-01,17370.54,17546.0,0.9900000000000001,2020-06-01
2B,2020-08-01,17370.54,17546.0,0.9900000000000001,2020-06-01
2C,2020-06-01,27531.9,27810.0,0.9900000000000001,2020-06-01
2C,2020-07-01,28449.63,28737.0,0.99,2020-06-01
2C,2020-08-01,28449.63,28737.0,0.99,2020-06-01
3A,2020-06-01,15426.18,22260.0,0.6930000000000001,2020-06-01
3A,2020-07-01,15940.385999999999,23002.0,0.693,2020-06-01
3A,2020-08-01,15940.385999999999,23002.0,0.693,2020-06-01
3B,2020-06-01,104279.574,153420.0,0.6797,2020-06-01
3B,2020-07-01,107755.55979999999,158534.0,0.6797,2020-06-01
3B,2020-08-01,125794.76314631099,158534.0,0.7934875997975891,2020-06-01
3C,2020-06-01,110840.4,111960.0,0.99,2020-06-01
3C,2020-07-01,114535.08,115692.0,0.99,2020-06-01
3C,2020-08-01,114535.08,115692.0,0.99,2020-06-01
3D,2020-06-01,4655.1456,7740.0,0.60144,2020-06-01
3D,2020-07-01,4810.31712,7998.0,0.60144,2020-06-01
3D,2020-08-01,4810.31712,7998.0,0.60144,2020-06-01
3E,2020-06-01,4068.9,4110.0,0.99,2020-06-01
3E,2020-07-01,4204.53,4247.0,0.99,2020-06-01
3E,2020-08-01,4204.53,4247.0,0.99,2020-06-01
P4,2020-06-01,20251.074,20940.0,0.9671000000000001,2020-06-01
P4,2020-07-01,20926.1098,21638.0,0.9671,2020-06-01
P4,2020-08-01,20926.1098,21638.0,0.9671,2020-06-01
P5,2020-06-01,58512.431249999994,86250.0,0.6784049999999999,2020-06-01
P5,2020-07-01,60462.845625,89125.0,0.678405,2020-06-01
P5,2020-08-01,60462.845625,89125.0,0.678405,2020-06-01
EC,2020-07-01,16210.34268,24521.0,0.66108,2020-07-01
EC,2020-08-01,16210.34268,24521.0,0.66108,2020-07-01
EC,2020-09-01,22410.612,23730.0,0.9444,2020-07-01
AP,2020-07-01,2105.334,3038.0,0.693,2020-07-01
AP,2020-08-01,2105.334,3038.0,0.693,2020-07-01
AP,2020-09-01,2037.4199999999998,2940.0,0.693,2020-07-01
2A,2020-07-01,57496.66177499999,83793.0,0.6861749999999999,2020-07-01
2A,2020-08-01,57496.66177499999,83793.0,0.6861749999999999,2020-07-01
2A,2020-09-01,55641.93075,81090.0,0.686175,2020-07-01
2B,2020-07-01,16787.43,16957.0,0.99,2020-07-01
2B,2020-08-01,16787.43,16957.0,0.99,2020-07-01
2B,2020-09-01,16245.9,16410.0,0.99,2020-07-01
2C,2020-07-01,28449.63,28737.0,0.99,2020-07-01
2C,2020-08-01,28449.63,28737.0,0.99,2020-07-01
2C,2020-09-01,27531.9,27810.0,0.9900000000000001,2020-07-01
3A,2020-07-01,15940.385999999999,23002.0,0.693,2020-07-01
3A,2020-08-01,15940.385999999999,23002.0,0.693,2020-07-01
3A,2020-09-01,15426.18,22260.0,0.6930000000000001,2020-07-01
3B,2020-07-01,107755.55979999999,158534.0,0.6797,2020-07-01
3B,2020-08-01,107755.55979999999,158534.0,0.6797,2020-07-01
3B,2020-09-01,104279.574,153420.0,0.6797,2020-07-01
3C,2020-07-01,80174.556,115692.0,0.693,2020-07-01
3C,2020-08-01,80174.556,115692.0,0.693,2020-07-01
3C,2020-09-01,94953.74245459889,111960.0,0.8481041662611548,2020-07-01
3D,2020-07-01,4810.31712,7998.0,0.60144,2020-07-01
3D,2020-08-01,4810.31712,7998.0,0.60144,2020-07-01
3D,2020-09-01,4655.1456,7740.0,0.60144,2020-07-01
3E,2020-07-01,2943.171,4247.0,0.693,2020-07-01
3E,2020-08-01,2943.171,4247.0,0.693,2020-07-01
3E,2020-09-01,2848.23,4110.0,0.693,2020-07-01
P4,2020-07-01,14648.276859999998,21638.0,0.67697,2020-07-01
P4,2020-08-01,20926.1098,21638.0,0.9671,2020-07-01
P4,2020-09-01,20251.074,20940.0,0.9671000000000001,2020-07-01
P5,2020-07-01,60462.845625,89125.0,0.678405,2020-07-01
P5,2020-08-01,60462.845625,89125.0,0.678405,2020-07-01
P5,2020-09-01,63245.39660099613,86250.0,0.7332799605912594,2020-07-01
EC,2020-08-01,16210.34268,24521.0,0.66108,2020-08-01
EC,2020-09-01,22050.922972511427,23730.0,0.929242434576967,2020-08-01
EC,2020-10-01,23157.632400000002,24521.0,0.9444000000000001,2020-08-01
AP,2020-08-01,2105.334,3038.0,0.693,2020-08-01
AP,2020-09-01,2037.4199999999998,2940.0,0.693,2020-08-01
AP,2020-10-01,2105.334,3038.0,0.693,2020-08-01
2A,2020-08-01,57496.66177499999,83793.0,0.6861749999999999,2020-08-01
2A,2020-09-01,55641.93075,81090.0,0.686175,2020-08-01
2A,2020-10-01,75279.67224885702,83793.0,0.8984004898840837,2020-08-01
2B,2020-08-01,16787.43,16957.0,0.99,2020-08-01
2B,2020-09-01,16245.9,16410.0,0.99,2020-08-01
2B,2020-10-01,16787.43,16957.0,0.99,2020-08-01
2C,2020-08-01,28449.63,28737.0,0.99,2020-08-01
2C,2020-09-01,27531.9,27810.0,0.9900000000000001,2020-08-01
2C,2020-10-01,28449.63,28737.0,0.99,2020-08-01
3A,2020-08-01,15940.385999999999,23002.0,0.693,2020-08-01
3A,2020-09-01,15426.18,22260.0,0.6930000000000001,2020-08-01
3A,2020-10-01,15940.385999999999,23002.0,0.693,2020-08-01
3B,2020-08-01,107755.55979999999,158534.0,0.6797,2020-08-01
3B,2020-09-01,104279.574,153420.0,0.6797,2020-08-01
3B,2020-10-01,107755.55979999999,158534.0,0.6797,2020-08-01
3C,2020-08-01,80174.556,115692.0,0.693,2020-08-01
3C,2020-09-01,110840.4,111960.0,0.99,2020-08-01
3C,2020-10-01,114535.08,115692.0,0.99,2020-08-01
3D,2020-08-01,4810.31712,7998.0,0.60144,2020-08-01
3D,2020-09-01,4655.1456,7740.0,0.60144,2020-08-01
3D,2020-10-01,4810.31712,7998.0,0.60144,2020-08-01
3E,2020-08-01,2943.171,4247.0,0.693,2020-08-01
3E,2020-09-01,2848.23,4110.0,0.693,2020-08-01
3E,2020-10-01,2943.171,4247.0,0.693,2020-08-01
P4,2020-08-01,20926.1098,21638.0,0.9671,2020-08-01
P4,2020-09-01,20251.074,20940.0,0.9671000000000001,2020-08-01
P4,2020-10-01,20926.1098,21638.0,0.9671,2020-08-01
P5,2020-08-01,60462.845625,89125.0,0.678405,2020-08-01
P5,2020-09-01,62573.38230708695,86250.0,0.7254884905169501,2020-08-01
P5,2020-10-01,73091.76857756161,89125.0,0.8201039952601583,2020-08-01
EC,2020-09-01,22410.612,23730.0,0.9444,2020-09-01
EC,2020-10-01,23157.632400000002,24521.0,0.9444000000000001,2020-09-01
EC,2020-11-01,22410.612,23730.0,0.9444,2020-09-01
AP,2020-09-01,2037.4199999999998,2940.0,0.693,2020-09-01
AP,2020-10-01,2105.334,3038.0,0.693,2020-09-01
AP,2020-11-01,2037.4199999999998,2940.0,0.693,2020-09-01
2A,2020-09-01,55641.93075,81090.0,0.686175,2020-09-01
2A,2020-10-01,82138.08825,83793.0,0.98025,2020-09-01
2A,2020-11-01,79488.4725,81090.0,0.9802500000000001,2020-09-01
2B,2020-09-01,16245.9,16410.0,0.99,2020-09-01
2B,2020-10-01,16787.43,16957.0,0.99,2020-09-01
2B,2020-11-01,16245.9,16410.0,0.99,2020-09-01
2C,2020-09-01,27531.9,27810.0,0.9900000000000001,2020-09-01
2C,2020-10-01,28449.63,28737.0,0.99,2020-09-01
2C,2020-11-01,27531.9,27810.0,0.9900000000000001,2020-09-01
3A,2020-09-01,15426.18,22260.0,0.6930000000000001,2020-09-01
3A,2020-10-01,15940.385999999999,23002.0,0.693,2020-09-01
3A,2020-11-01,15426.18,22260.0,0.6930000000000001,2020-09-01
3B,2020-09-01,104279.574,153420.0,0.6797,2020-09-01
3B,2020-10-01,107755.55979999999,158534.0,0.6797,2020-09-01
3B,2020-11-01,104279.574,153420.0,0.6797,2020-09-01
3C,2020-09-01,103285.94839272455,111960.0,0.9225254411640278,2020-09-01
3C,2020-10-01,114535.08,115692.0,0.99,2020-09-01
3C,2020-11-01,110840.4,111960.0,0.99,2020-09-01
3D,2020-09-01,4655.1456,7740.0,0.60144,2020-09-01
3D,2020-10-01,4810.31712,7998.0,0.60144,2020-09-01
3D,2020-11-01,4655.1456,7740.0,0.60144,2020-09-01
3E,2020-09-01,2848.23,4110.0,0.693,2020-09-01
3E,2020-10-01,2943.171,4247.0,0.693,2020-09-01
3E,2020-11-01,2848.23,4110.0,0.693,2020-09-01
P4,2020-09-01,20251.074,20940.0,0.9671000000000001,2020-09-01
P4,2020-10-01,20926.1098,21638.0,0.9671,2020-09-01
P4,2020-11-01,20251.074,20940.0,0.9671000000000001,2020-09-01
P5,2020-09-01,60621.78392237643,86250.0,0.7028612628681326,2020-09-01
P5,2020-10-01,73856.9014966244,89125.0,0.8286889368485206,2020-09-01
P5,2020-11-01,83589.1875,86250.0,0.96915,2020-09-01
EC,2020-10-01,23157.632400000002,24521.0,0.9444000000000001,2020-10-01
EC,2020-11-01,22410.612,23730.0,0.9444,2020-10-01
EC,2020-12-01,23157.632400000002,24521.0,0.9444000000000001,2020-10-01
AP,2020-10-01,2105.334,3038.0,0.693,2020-10-01
AP,2020-11-01,2037.4199999999998,2940.0,0.693,2020-10-01
AP,2020-12-01,2105.334,3038.0,0.693,2020-10-01
2A,2020-10-01,82138.08825,83793.0,0.98025,2020-10-01
2A,2020-11-01,79488.4725,81090.0,0.9802500000000001,2020-10-01
2A,2020-12-01,82138.08825,83793.0,0.98025,2020-10-01
2B,2020-10-01,16787.43,16957.0,0.99,2020-10-01
2B,2020-11-01,16245.9,16410.0,0.99,2020-10-01
2B,2020-12-01,16787.43,16957.0,0.99,2020-10-01
2C,2020-10-01,28449.63,28737.0,0.99,2020-10-01
2C,2020-11-01,27531.9,27810.0,0.9900000000000001,2020-10-01
2C,2020-12-01,28449.63,28737.0,0.99,2020-10-01
3A,2020-10-01,15940.385999999999,23002.0,0.693,2020-10-01
3A,2020-11-01,15426.18,22260.0,0.6930000000000001,2020-10-01
3A,2020-12-01,15940.385999999999,23002.0,0.693,2020-10-01
3B,2020-10-01,107755.55979999999,158534.0,0.6797,2020-10-01
3B,2020-11-01,104279.574,153420.0,0.6797,2020-10-01
3B,2020-12-01,107755.55979999999,158534.0,0.6797,2020-10-01
3C,2020-10-01,80174.556,115692.0,0.693,2020-10-01
3C,2020-11-01,110840.4,111960.0,0.99,2020-10-01
3C,2020-12-01,114535.08,115692.0,0.99,2020-10-01
3D,2020-10-01,4810.31712,7998.0,0.60144,2020-10-01
3D,2020-11-01,4655.1456,7740.0,0.60144,2020-10-01
3D,2020-12-01,4810.31712,7998.0,0.60144,2020-10-01
3E,2020-10-01,2363.13,3410.0,0.6930000000000001,2020-10-01
3E,2020-11-01,2286.8999999999996,3300.0,0.6929999999999998,2020-10-01
3E,2020-12-01,2363.13,3410.0,0.6930000000000001,2020-10-01
P4,2020-10-01,19487.065,20150.0,0.9671,2020-10-01
P4,2020-11-01,18858.45,19500.0,0.9671000000000001,2020-10-01
P4,2020-12-01,19487.065,20150.0,0.9671,2020-10-01
P5,2020-10-01,69108.20514850899,84134.0,0.821406389194725,2020-10-01
P5,2020-11-01,78908.193,81420.0,0.96915,2020-10-01
P5,2020-12-01,81538.4661,84134.0,0.9691500000000001,2020-10-01
EC,2020-11-01,22410.612,23730.0,0.9444,2020-11-01
EC,2020-12-01,23157.632400000002,24521.0,0.9444000000000001,2020-11-01
EC,2021-01-01,23157.632400000002,24521.0,0.9444000000000001,2020-11-01
AP,2020-11-01,2037.4199999999998,2940.0,0.693,2020-11-01
AP,2020-12-01,2105.334,3038.0,0.693,2020-11-01
AP,2021-01-01,2105.334,3038.0,0.693,2020-11-01
2A,2020-11-01,79488.4725,81090.0,0.9802500000000001,2020-11-01
2A,2020-12-01,82138.08825,83793.0,0.98025,2020-11-01
2A,2021-01-01,82138.08825,83793.0,0.98025,2020-11-01
2B,2020-11-01,16245.9,16410.0,0.99,2020-11-01
2B,2020-12-01,16787.43,16957.0,0.99,2020-11-01
2B,2021-01-01,16787.43,16957.0,0.99,2020-11-01
2C,2020-11-01,27531.9,27810.0,0.9900000000000001,2020-11-01
2C,2020-12-01,28449.63,28737.0,0.99,2020-11-01
2C,2021-01-01,28449.63,28737.0,0.99,2020-11-01
3A,2020-11-01,15426.18,22260.0,0.6930000000000001,2020-11-01
3A,2020-12-01,15940.385999999999,23002.0,0.693,2020-11-01
3A,2021-01-01,15940.385999999999,23002.0,0.693,2020-11-01
3B,2020-11-01,104279.574,153420.0,0.6797,2020-11-01
3B,2020-12-01,107755.55979999999,158534.0,0.6797,2020-11-01
3B,2021-01-01,107755.55979999999,158534.0,0.6797,2020-11-01
3C,2020-11-01,110840.4,111960.0,0.99,2020-11-01
3C,2020-12-01,114535.08,115692.0,0.99,2020-11-01
3C,2021-01-01,114535.08,115692.0,0.99,2020-11-01
3D,2020-11-01,4655.1456,7740.0,0.60144,2020-11-01
3D,2020-12-01,4810.31712,7998.0,0.60144,2020-11-01
3D,2021-01-01,4810.31712,7998.0,0.60144,2020-11-01
3E,2020-11-01,2286.8999999999996,3300.0,0.6929999999999998,2020-11-01
3E,2020-12-01,2363.13,3410.0,0.6930000000000001,2020-11-01
3E,2021-01-01,2363.13,3410.0,0.6930000000000001,2020-11-01
P4,2020-11-01,18858.45,19500.0,0.9671000000000001,2020-11-01
P4,2020-12-01,19487.065,20150.0,0.9671,2020-11-01
P4,2021-01-01,19487.065,20150.0,0.9671,2020-11-01
P5,2020-11-01,78908.193,81420.0,0.96915,2020-11-01
P5,2020-12-01,81538.4661,84134.0,0.9691500000000001,2020-11-01
P5,2021-01-01,81538.4661,84134.0,0.9691500000000001,2020-11-01
EC,2020-12-01,23157.632400000002,24521.0,0.9444000000000001,2020-12-01
EC,2021-01-01,23157.632400000002,24521.0,0.9444000000000001,2020-12-01
EC,2021-02-01,20916.571200000002,22148.0,0.9444000000000001,2020-12-01
AP,2020-12-01,2105.334,3038.0,0.693,2020-12-01
AP,2021-01-01,2105.334,3038.0,0.693,2020-12-01
AP,2021-02-01,1901.5919999999999,2744.0,0.693,2020-12-01
2A,2020-12-01,73258.06739837225,83793.0,0.8742743116772553,2020-12-01
2A,2021-01-01,82138.08825,83793.0,0.98025,2020-12-01
2A,2021-02-01,74189.24100000001,75684.0,0.9802500000000001,2020-12-01
2B,2020-12-01,16787.43,16957.0,0.99,2020-12-01
2B,2021-01-01,16787.43,16957.0,0.99,2020-12-01
2B,2021-02-01,15162.84,15316.0,0.99,2020-12-01
2C,2020-12-01,28449.63,28737.0,0.99,2020-12-01
2C,2021-01-01,28449.63,28737.0,0.99,2020-12-01
2C,2021-02-01,25696.44,25956.0,0.99,2020-12-01
3A,2020-12-01,15940.385999999999,23002.0,0.693,2020-12-01
3A,2021-01-01,15940.385999999999,23002.0,0.693,2020-12-01
3A,2021-02-01,14397.768,20776.0,0.693,2020-12-01
3B,2020-12-01,107755.55979999999,158534.0,0.6797,2020-12-01
3B,2021-01-01,107755.55979999999,158534.0,0.6797,2020-12-01
3B,2021-02-01,97327.60239999999,143192.0,0.6797,2020-12-01
3C,2020-12-01,114535.08,115692.0,0.99,2020-12-01
3C,2021-01-01,114535.08,115692.0,0.99,2020-12-01
3C,2021-02-01,103451.04,104496.0,0.99,2020-12-01
3D,2020-12-01,4798.56006,7998.0,0.59997,2020-12-01
3D,2021-01-01,4798.56006,7998.0,0.59997,2020-12-01
3D,2021-02-01,4334.18328,7224.0,0.59997,2020-12-01
3E,2020-12-01,2363.13,3410.0,0.6930000000000001,2020-12-01
3E,2021-01-01,2363.13,3410.0,0.6930000000000001,2020-12-01
3E,2021-02-01,2134.4399999999996,3080.0,0.6929999999999998,2020-12-01
P4,2020-12-01,19487.065,20150.0,0.9671,2020-12-01
P4,2021-01-01,19487.065,20150.0,0.9671,2020-12-01
P4,2021-02-01,17601.219999999998,18200.0,0.9670999999999998,2020-12-01
P5,2020-12-01,71520.35277586873,84134.0,0.8500766964113049,2020-12-01
P5,2021-01-01,81538.4661,84134.0,0.9691500000000001,2020-12-01
P5,2021-02-01,73647.6468,75992.0,0.9691500000000001,2020-12-01
EC,2021-01-01,23157.632400000002,24521.0,0.9444000000000001,2021-01-01
EC,2021-02-01,20916.571200000002,22148.0,0.9444000000000001,2021-01-01
EC,2021-03-01,23157.632400000002,24521.0,0.9444000000000001,2021-01-01
AP,2021-01-01,2105.334,3038.0,0.693,2021-01-01
AP,2021-02-01,1901.5919999999999,2744.0,0.693,2021-01-01
AP,2021-03-01,2105.334,3038.0,0.693,2021-01-01
2A,2021-01-01,72504.20834832724,83793.0,0.8652776287795788,2021-01-01
2A,2021-02-01,74189.24100000001,75684.0,0.9802500000000001,2021-01-01
2A,2021-03-01,82138.08825,83793.0,0.98025,2021-01-01
2B,2021-01-01,16787.43,16957.0,0.99,2021-01-01
2B,2021-02-01,15162.84,15316.0,0.99,2021-01-01
2B,2021-03-01,16787.43,16957.0,0.99,2021-01-01
2C,2021-01-01,28449.63,28737.0,0.99,2021-01-01
2C,2021-02-01,25696.44,25956.0,0.99,2021-01-01
2C,2021-03-01,28449.63,28737.0,0.99,2021-01-01
3A,2021-01-01,15940.385999999999,23002.0,0.693,2021-01-01
3A,2021-02-01,14397.768,20776.0,0.693,2021-01-01
3A,2021-03-01,15940.385999999999,23002.0,0.693,2021-01-01
3B,2021-01-01,107755.55979999999,158534.0,0.6797,2021-01-01
3B,2021-02-01,97327.60239999999,143192.0,0.6797,2021-01-01
3B,2021-03-01,107755.55979999999,158534.0,0.6797,2021-01-01
3C,2021-01-01,114535.08,115692.0,0.99,2021-01-01
3C,2021-02-01,103451.04,104496.0,0.99,2021-01-01
3C,2021-03-01,114535.08,115692.0,0.99,2021-01-01
3D,2021-01-01,4798.56006,7998.0,0.59997,2021-01-01
3D,2021-02-01,4334.18328,7224.0,0.59997,2021-01-01
3D,2021-03-01,4798.56006,7998.0,0.59997,2021-01-01
3E,2021-01-01,2363.13,3410.0,0.6930000000000001,2021-01-01
3E,2021-02-01,2134.4399999999996,3080.0,0.6929999999999998,2021-01-01
3E,2021-03-01,2363.13,3410.0,0.6930000000000001,2021-01-01
P4,2021-01-01,19487.065,20150.0,0.9671,2021-01-01
P4,2021-02-01,17601.219999999998,18200.0,0.9670999999999998,2021-01-01
P4,2021-03-01,19487.065,20150.0,0.9671,2021-01-01
P5,2021-01-01,65702.76968388594,84134.0,0.7809300601883417,2021-01-01
P5,2021-02-01,73647.6468,75992.0,0.9691500000000001,2021-01-01
P5,2021-03-01,81538.4661,84134.0,0.9691500000000001,2021-01-01
EC,2021-02-01,19039.104,20160.0,0.9444,2021-02-01
EC,2021-03-01,21079.008,22320.0,0.9444000000000001,2021-02-01
EC,2021-04-01,20399.04,21600.0,0.9444,2021-02-01
AP,2021-02-01,1901.5919999999999,2744.0,0.693,2021-02-01
AP,2021-03-01,2105.334,3038.0,0.693,2021-02-01
AP,2021-04-01,2037.4199999999998,2940.0,0.693,2021-02-01
2A,2021-02-01,74546.05200000001,76048.0,0.9802500000000002,2021-02-01
2A,2021-03-01,82533.129,84196.0,0.98025,2021-02-01
2A,2021-04-01,79870.77,81480.0,0.9802500000000001,2021-02-01
2B,2021-02-01,15162.84,15316.0,0.99,2021-02-01
2B,2021-03-01,16787.43,16957.0,0.99,2021-02-01
2B,2021-04-01,16245.9,16410.0,0.99,2021-02-01
2C,2021-02-01,25668.72,25928.0,0.99,2021-02-01
2C,2021-03-01,28418.94,28706.0,0.99,2021-02-01
2C,2021-04-01,27502.2,27780.0,0.99,2021-02-01
3A,2021-02-01,14475.383999999998,20888.0,0.693,2021-02-01
3A,2021-03-01,16026.318,23126.0,0.693,2021-02-01
3A,2021-04-01,15509.34,22380.0,0.6930000000000001,2021-02-01
3B,2021-02-01,97175.34959999999,142968.0,0.6796999999999999,2021-02-01
3B,2021-03-01,107586.9942,158286.0,0.6797,2021-02-01
3B,2021-04-01,104116.446,153180.0,0.6797,2021-02-01
3C,2021-02-01,97879.31999999999,98868.0,0.9899999999999999,2021-02-01
3C,2021-03-01,108366.39,109461.0,0.99,2021-02-01
3C,2021-04-01,104870.7,105930.0,0.99,2021-02-01
3D,2021-02-01,4334.18328,7224.0,0.59997,2021-02-01
3D,2021-03-01,4798.56006,7998.0,0.59997,2021-02-01
3D,2021-04-01,4643.7678000000005,7740.0,0.5999700000000001,2021-02-01
3E,2021-02-01,2134.4399999999996,3080.0,0.6929999999999998,2021-02-01
3E,2021-03-01,2363.13,3410.0,0.6930000000000001,2021-02-01
3E,2021-04-01,2286.8999999999996,3300.0,0.6929999999999998,2021-02-01
P4,2021-02-01,17790.7716,18396.0,0.9671,2021-02-01
P4,2021-03-01,19696.9257,20367.0,0.9671,2021-02-01
P4,2021-04-01,19061.540999999997,19710.0,0.9670999999999998,2021-02-01
P5,2021-02-01,59614.58852388107,75992.0,0.7844850579519038,2021-02-01
P5,2021-03-01,79300.32576865784,84134.0,0.9425479089150385,2021-02-01
P5,2021-04-01,78908.193,81420.0,0.96915,2021-02-01
EC,2021-03-01,21079.008,22320.0,0.9444000000000001,2021-03-01
EC,2021-04-01,20399.04,21600.0,0.9444,2021-03-01
EC,2021-05-01,21079.008,22320.0,0.9444000000000001,2021-03-01
AP,2021-03-01,2105.334,3038.0,0.693,2021-03-01
AP,2021-04-01,2037.4199999999998,2940.0,0.693,2021-03-01
AP,2021-05-01,2105.334,3038.0,0.693,2021-03-01
2A,2021-03-01,77777.27734172292,84196.0,0.9237645178122823,2021-03-01
2A,2021-04-01,79870.77,81480.0,0.9802500000000001,2021-03-01
2A,2021-05-01,82533.129,84196.0,0.98025,2021-03-01
2B,2021-03-01,16787.43,16957.0,0.99,2021-03-01
2B,2021-04-01,16245.9,16410.0,0.99,2021-03-01
2B,2021-05-01,16787.43,16957.0,0.99,2021-03-01
2C,2021-03-01,28418.94,28706.0,0.99,2021-03-01
2C,2021-04-01,27502.2,27780.0,0.99,2021-03-01
2C,2021-05-01,28418.94,28706.0,0.99,2021-03-01
3A,2021-03-01,16026.318,23126.0,0.693,2021-03-01
3A,2021-04-01,15509.34,22380.0,0.6930000000000001,2021-03-01
3A,2021-05-01,16026.318,23126.0,0.693,2021-03-01
3B,2021-03-01,107586.9942,158286.0,0.6797,2021-03-01
3B,2021-04-01,104116.446,153180.0,0.6797,2021-03-01
3B,2021-05-01,107586.9942,158286.0,0.6797,2021-03-01
3C,2021-03-01,108366.39,109461.0,0.99,2021-03-01
3C,2021-04-01,104870.7,105930.0,0.99,2021-03-01
3C,2021-05-01,108366.39,109461.0,0.99,2021-03-01
3D,2021-03-01,4798.56006,7998.0,0.59997,2021-03-01
3D,2021-04-01,4643.7678000000005,7740.0,0.5999700000000001,2021-03-01
3D,2021-05-01,4798.56006,7998.0,0.59997,2021-03-01
3E,2021-03-01,2363.13,3410.0,0.6930000000000001,2021-03-01
3E,2021-04-01,2286.8999999999996,3300.0,0.6929999999999998,2021-03-01
3E,2021-05-01,2363.13,3410.0,0.6930000000000001,2021-03-01
P4,2021-03-01,19696.9257,20367.0,0.9671,2021-03-01
P4,2021-04-01,19061.540999999997,19710.0,0.9670999999999998,2021-03-01
P4,2021-05-01,19696.9257,20367.0,0.9671,2021-03-01
P5,2021-03-01,57076.92627,84134.0,0.678405,2021-03-01
P5,2021-04-01,66111.11088982102,81420.0,0.8119763066792068,2021-03-01
P5,2021-05-01,76677.88773500109,84134.0,0.9113781317303479,2021-03-01
EC,2021-04-01,20399.04,21600.0,0.9444,2021-04-01
EC,2021-05-01,21079.008,22320.0,0.9444000000000001,2021-04-01
EC,2021-06-01,20399.04,21600.0,0.9444,2021-04-01
AP,2021-04-01,2037.4199999999998,2940.0,0.693,2021-04-01
AP,2021-05-01,2105.334,3038.0,0.693,2021-04-01
AP,2021-06-01,2037.4199999999998,2940.0,0.693,2021-04-01
2A,2021-04-01,79870.77,81480.0,0.9802500000000001,2021-04-01
2A,2021-05-01,82533.129,84196.0,0.98025,2021-04-01
2A,2021-06-01,79870.77,81480.0,0.9802500000000001,2021-04-01
2B,2021-04-01,16245.9,16410.0,0.99,2021-04-01
2B,2021-05-01,16787.43,16957.0,0.99,2021-04-01
2B,2021-06-01,16245.9,16410.0,0.99,2021-04-01
2C,2021-04-01,27502.2,27780.0,0.99,2021-04-01
2C,2021-05-01,28418.94,28706.0,0.99,2021-04-01
2C,2021-06-01,27502.2,27780.0,0.99,2021-04-01
3A,2021-04-01,15509.34,22380.0,0.6930000000000001,2021-04-01
3A,2021-05-01,16026.318,23126.0,0.693,2021-04-01
3A,2021-06-01,15509.34,22380.0,0.6930000000000001,2021-04-01
3B,2021-04-01,104116.446,153180.0,0.6797,2021-04-01
3B,2021-05-01,152491.28518435868,158286.0,0.9633908569573979,2021-04-01
3B,2021-06-01,148737.78,153180.0,0.971,2021-04-01
3C,2021-04-01,104870.7,105930.0,0.99,2021-04-01
3C,2021-05-01,108366.39,109461.0,0.99,2021-04-01
3C,2021-06-01,104870.7,105930.0,0.99,2021-04-01
3D,2021-04-01,4643.7678000000005,7740.0,0.5999700000000001,2021-04-01
3D,2021-05-01,4798.56006,7998.0,0.59997,2021-04-01
3D,2021-06-01,4643.7678000000005,7740.0,0.5999700000000001,2021-04-01
3E,2021-04-01,2286.8999999999996,3300.0,0.6929999999999998,2021-04-01
3E,2021-05-01,2363.13,3410.0,0.6930000000000001,2021-04-01
3E,2021-06-01,3267.0,3300.0,0.99,2021-04-01
P4,2021-04-01,19061.540999999997,19710.0,0.9670999999999998,2021-04-01
P4,2021-05-01,19696.9257,20367.0,0.9671,2021-04-01
P4,2021-06-01,19061.540999999997,19710.0,0.9670999999999998,2021-04-01
P5,2021-04-01,67694.24429774651,81420.0,0.8314203426399719,2021-04-01
P5,2021-05-01,81538.4661,84134.0,0.9691500000000001,2021-04-01
P5,2021-06-01,78908.193,81420.0,0.96915,2021-04-01
EC,2021-05-01,21079.008,22320.0,0.9444000000000001,2021-05-01
EC,2021-06-01,20399.04,21600.0,0.9444,2021-05-01
EC,2021-07-01,21079.008,22320.0,0.9444000000000001,2021-05-01
AP,2021-05-01,2105.334,3038.0,0.693,2021-05-01
AP,2021-06-01,2037.4199999999998,2940.0,0.693,2021-05-01
AP,2021-07-01,2105.334,3038.0,0.693,2021-05-01
2A,2021-05-01,82533.129,84196.0,0.98025,2021-05-01
2A,2021-06-01,79870.77,81480.0,0.9802500000000001,2021-05-01
2A,2021-07-01,82533.129,84196.0,0.98025,2021-05-01
2B,2021-05-01,16787.43,16957.0,0.99,2021-05-01
2B,2021-06-01,16245.9,16410.0,0.99,2021-05-01
2B,2021-07-01,16787.43,16957.0,0.99,2021-05-01
2C,2021-05-01,28418.94,28706.0,0.99,2021-05-01
2C,2021-06-01,27502.2,27780.0,0.99,2021-05-01
2C,2021-07-01,28418.94,28706.0,0.99,2021-05-01
3A,2021-05-01,16026.318,23126.0,0.693,2021-05-01
3A,2021-06-01,15509.34,22380.0,0.6930000000000001,2021-05-01
3A,2021-07-01,16026.318,23126.0,0.693,2021-05-01
3B,2021-05-01,126192.10105056087,158286.0,0.7972410765990731,2021-05-01
3B,2021-06-01,148737.78,153180.0,0.971,2021-05-01
3B,2021-07-01,153695.706,158286.0,0.9710000000000001,2021-05-01
3C,2021-05-01,108366.39,109461.0,0.99,2021-05-01
3C,2021-06-01,104870.7,105930.0,0.99,2021-05-01
3C,2021-07-01,108366.39,109461.0,0.99,2021-05-01
3D,2021-05-01,4798.0001999999995,7998.0,0.5999,2021-05-01
3D,2021-06-01,4643.226,7740.0,0.5999,2021-05-01
3D,2021-07-01,4798.0001999999995,7998.0,0.5999,2021-05-01
3E,2021-05-01,2363.13,3410.0,0.6930000000000001,2021-05-01
3E,2021-06-01,3267.0,3300.0,0.99,2021-05-01
3E,2021-07-01,3375.9,3410.0,0.99,2021-05-01
P4,2021-05-01,19696.9257,20367.0,0.9671,2021-05-01
P4,2021-06-01,19061.540999999997,19710.0,0.9670999999999998,2021-05-01
P4,2021-07-01,19696.9257,20367.0,0.9671,2021-05-01
P5,2021-05-01,81538.4661,84134.0,0.9691500000000001,2021-05-01
P5,2021-06-01,78908.193,81420.0,0.96915,2021-05-01
P5,2021-07-01,81538.4661,84134.0,0.9691500000000001,2021-05-01
EC,2021-06-01,20399.04,21600.0,0.9444,2021-06-01
EC,2021-07-01,21079.008,22320.0,0.9444000000000001,2021-06-01
EC,2021-08-01,21079.008,22320.0,0.9444000000000001,2021-06-01
AP,2021-06-01,2037.4199999999998,2940.0,0.693,2021-06-01
AP,2021-07-01,3007.62,3038.0,0.99,2021-06-01
AP,2021-08-01,3007.62,3038.0,0.99,2021-06-01
2A,2021-06-01,79870.77,81480.0,0.9802500000000001,2021-06-01
2A,2021-07-01,82533.129,84196.0,0.98025,2021-06-01
2A,2021-08-01,82533.129,84196.0,0.98025,2021-06-01
2B,2021-06-01,16245.9,16410.0,0.99,2021-06-01
2B,2021-07-01,16787.43,16957.0,0.99,2021-06-01
2B,2021-08-01,16787.43,16957.0,0.99,2021-06-01
2C,2021-06-01,27502.2,27780.0,0.99,2021-06-01
2C,2021-07-01,28418.94,28706.0,0.99,2021-06-01
2C,2021-08-01,28418.94,28706.0,0.99,2021-06-01
3A,2021-06-01,22073.394,22380.0,0.9863000000000001,2021-06-01
3A,2021-07-01,22809.1738,23126.0,0.9863000000000001,2021-06-01
3A,2021-08-01,22809.1738,23126.0,0.9863000000000001,2021-06-01
3B,2021-06-01,148737.78,153180.0,0.971,2021-06-01
3B,2021-07-01,153695.706,158286.0,0.9710000000000001,2021-06-01
3B,2021-08-01,153695.706,158286.0,0.9710000000000001,2021-06-01
3C,2021-06-01,104870.7,105930.0,0.99,2021-06-01
3C,2021-07-01,108366.39,109461.0,0.99,2021-06-01
3C,2021-08-01,108366.39,109461.0,0.99,2021-06-01
3D,2021-06-01,6633.18,7740.0,0.857,2021-06-01
3D,2021-07-01,6854.286,7998.0,0.857,2021-06-01
3D,2021-08-01,6854.286,7998.0,0.857,2021-06-01
3E,2021-06-01,3267.0,3300.0,0.99,2021-06-01
3E,2021-07-01,3375.9,3410.0,0.99,2021-06-01
3E,2021-08-01,3375.9,3410.0,0.99,2021-06-01
P4,2021-06-01,19061.540999999997,19710.0,0.9670999999999998,2021-06-01
P4,2021-07-01,19696.9257,20367.0,0.9671,2021-06-01
P4,2021-08-01,19696.9257,20367.0,0.9671,2021-06-01
P5,2021-06-01,78908.193,81420.0,0.96915,2021-06-01
P5,2021-07-01,81538.4661,84134.0,0.9691500000000001,2021-06-01
P5,2021-08-01,81538.4661,84134.0,0.9691500000000001,2021-06-01
EC,2021-07-01,21079.008,22320.0,0.9444000000000001,2021-07-01
EC,2021-08-01,21079.008,22320.0,0.9444000000000001,2021-07-01
EC,2021-09-01,20399.04,21600.0,0.9444,2021-07-01
AP,2021-07-01,2105.334,3038.0,0.693,2021-07-01
AP,2021-08-01,2105.334,3038.0,0.693,2021-07-01
AP,2021-09-01,2037.4199999999998,2940.0,0.693,2021-07-01
2A,2021-07-01,82533.129,84196.0,0.98025,2021-07-01
2A,2021-08-01,82533.129,84196.0,0.98025,2021-07-01
2A,2021-09-01,79870.77,81480.0,0.9802500000000001,2021-07-01
2B,2021-07-01,16787.43,16957.0,0.99,2021-07-01
2B,2021-08-01,16787.43,16957.0,0.99,2021-07-01
2B,2021-09-01,16245.9,16410.0,0.99,2021-07-01
2C,2021-07-01,28418.94,28706.0,0.99,2021-07-01
2C,2021-08-01,28418.94,28706.0,0.99,2021-07-01
2C,2021-09-01,27502.2,27780.0,0.99,2021-07-01
3A,2021-07-01,15966.42166,23126.0,0.69041,2021-07-01
3A,2021-08-01,15966.42166,23126.0,0.69041,2021-07-01
3A,2021-09-01,22073.394,22380.0,0.9863000000000001,2021-07-01
3B,2021-07-01,153695.706,158286.0,0.9710000000000001,2021-07-01
3B,2021-08-01,153695.706,158286.0,0.9710000000000001,2021-07-01
3B,2021-09-01,148737.78,153180.0,0.971,2021-07-01
3C,2021-07-01,108366.39,109461.0,0.99,2021-07-01
3C,2021-08-01,108366.39,109461.0,0.99,2021-07-01
3C,2021-09-01,104870.7,105930.0,0.99,2021-07-01
3D,2021-07-01,4798.0001999999995,7998.0,0.5999,2021-07-01
3D,2021-08-01,4798.0001999999995,7998.0,0.5999,2021-07-01
3D,2021-09-01,4643.226,7740.0,0.5999,2021-07-01
3E,2021-07-01,3375.9,3410.0,0.99,2021-07-01
3E,2021-08-01,3375.9,3410.0,0.99,2021-07-01
3E,2021-09-01,3267.0,3300.0,0.99,2021-07-01
P4,2021-07-01,19696.9257,20367.0,0.9671,2021-07-01
P4,2021-08-01,19696.9257,20367.0,0.9671,2021-07-01
P4,2021-09-01,19061.540999999997,19710.0,0.9670999999999998,2021-07-01
P5,2021-07-01,81538.4661,84134.0,0.9691500000000001,2021-07-01
P5,2021-08-01,81538.4661,84134.0,0.9691500000000001,2021-07-01
P5,2021-09-01,78908.193,81420.0,0.96915,2021-07-01
EC,2021-08-01,21079.008,22320.0,0.9444000000000001,2021-08-01
EC,2021-09-01,20399.04,21600.0,0.9444,2021-08-01
EC,2021-10-01,21079.008,22320.0,0.9444000000000001,2021-08-01
AP,2021-08-01,2105.334,3038.0,0.693,2021-08-01
AP,2021-09-01,2037.4199999999998,2940.0,0.693,2021-08-01
AP,2021-10-01,2105.334,3038.0,0.693,2021-08-01
2A,2021-08-01,82563.51675000001,84227.0,0.9802500000000001,2021-08-01
2A,2021-09-01,79900.1775,81510.0,0.9802500000000001,2021-08-01
2A,2021-10-01,82563.51675000001,84227.0,0.9802500000000001,2021-08-01
2B,2021-08-01,16787.43,16957.0,0.99,2021-08-01
2B,2021-09-01,16245.9,16410.0,0.99,2021-08-01
2B,2021-10-01,16787.43,16957.0,0.99,2021-08-01
2C,2021-08-01,28418.94,28706.0,0.99,2021-08-01
2C,2021-09-01,27502.2,27780.0,0.99,2021-08-01
2C,2021-10-01,28418.94,28706.0,0.99,2021-08-01
3A,2021-08-01,16038.584113740664,23126.0,0.6935304036037647,2021-08-01
3A,2021-09-01,21896.591999999997,22380.0,0.9783999999999998,2021-08-01
3A,2021-10-01,22626.4784,23126.0,0.9784,2021-08-01
3B,2021-08-01,153695.706,158286.0,0.9710000000000001,2021-08-01
3B,2021-09-01,148737.78,153180.0,0.971,2021-08-01
3B,2021-10-01,153695.706,158286.0,0.9710000000000001,2021-08-01
3C,2021-08-01,108366.39,109461.0,0.99,2021-08-01
3C,2021-09-01,104870.7,105930.0,0.99,2021-08-01
3C,2021-10-01,108366.39,109461.0,0.99,2021-08-01
3D,2021-08-01,4798.0001999999995,7998.0,0.5999,2021-08-01
3D,2021-09-01,4643.226,7740.0,0.5999,2021-08-01
3D,2021-10-01,4798.0001999999995,7998.0,0.5999,2021-08-01
3E,2021-08-01,3375.9,3410.0,0.99,2021-08-01
3E,2021-09-01,3267.0,3300.0,0.99,2021-08-01
3E,2021-10-01,3375.9,3410.0,0.99,2021-08-01
P4,2021-08-01,19696.9257,20367.0,0.9671,2021-08-01
P4,2021-09-01,19061.540999999997,19710.0,0.9670999999999998,2021-08-01
P4,2021-10-01,19696.9257,20367.0,0.9671,2021-08-01
P5,2021-08-01,81538.4661,84134.0,0.9691500000000001,2021-08-01
P5,2021-09-01,78908.193,81420.0,0.96915,2021-08-01
P5,2021-10-01,81538.4661,84134.0,0.9691500000000001,2021-08-01
EC,2021-09-01,20399.04,21600.0,0.9444,2021-09-01
EC,2021-10-01,21079.008,22320.0,0.9444000000000001,2021-09-01
EC,2021-11-01,20399.04,21600.0,0.9444,2021-09-01
AP,2021-09-01,2037.4199999999998,2940.0,0.693,2021-09-01
AP,2021-10-01,2105.334,3038.0,0.693,2021-09-01
AP,2021-11-01,2910.6,2940.0,0.99,2021-09-01
2A,2021-09-01,79929.585,81540.0,0.9802500000000001,2021-09-01
2A,2021-10-01,82593.9045,84258.0,0.9802500000000001,2021-09-01
2A,2021-11-01,79929.585,81540.0,0.9802500000000001,2021-09-01
2B,2021-09-01,16245.9,16410.0,0.99,2021-09-01
2B,2021-10-01,16787.43,16957.0,0.99,2021-09-01
2B,2021-11-01,16245.9,16410.0,0.99,2021-09-01
2C,2021-09-01,27502.2,27780.0,0.99,2021-09-01
2C,2021-10-01,28418.94,28706.0,0.99,2021-09-01
2C,2021-11-01,27502.2,27780.0,0.99,2021-09-01
3A,2021-09-01,21896.591999999997,22380.0,0.9783999999999998,2021-09-01
3A,2021-10-01,22626.4784,23126.0,0.9784,2021-09-01
3A,2021-11-01,21896.591999999997,22380.0,0.9783999999999998,2021-09-01
3B,2021-09-01,148737.78,153180.0,0.971,2021-09-01
3B,2021-10-01,153695.706,158286.0,0.9710000000000001,2021-09-01
3B,2021-11-01,148737.78,153180.0,0.971,2021-09-01
3C,2021-09-01,104870.7,105930.0,0.99,2021-09-01
3C,2021-10-01,108366.39,109461.0,0.99,2021-09-01
3C,2021-11-01,104870.7,105930.0,0.99,2021-09-01
3D,2021-09-01,4643.226,7740.0,0.5999,2021-09-01
3D,2021-10-01,4798.0001999999995,7998.0,0.5999,2021-09-01
3D,2021-11-01,6633.18,7740.0,0.857,2021-09-01
3E,2021-09-01,3267.0,3300.0,0.99,2021-09-01
3E,2021-10-01,3375.9,3410.0,0.99,2021-09-01
3E,2021-11-01,3267.0,3300.0,0.99,2021-09-01
P4,2021-09-01,19061.540999999997,19710.0,0.9670999999999998,2021-09-01
P4,2021-10-01,19696.9257,20367.0,0.9671,2021-09-01
P4,2021-11-01,19061.540999999997,19710.0,0.9670999999999998,2021-09-01
P5,2021-09-01,78908.193,81420.0,0.96915,2021-09-01
P5,2021-10-01,81538.4661,84134.0,0.9691500000000001,2021-09-01
P5,2021-11-01,78908.193,81420.0,0.96915,2021-09-01
EC,2021-10-01,21079.008,22320.0,0.9444000000000001,2021-10-01
EC,2021-11-01,20399.04,21600.0,0.9444,2021-10-01
EC,2021-12-01,21079.008,22320.0,0.9444000000000001,2021-10-01
AP,2021-10-01,2105.334,3038.0,0.693,2021-10-01
AP,2021-11-01,2037.4199999999998,2940.0,0.693,2021-10-01
AP,2021-12-01,2105.334,3038.0,0.693,2021-10-01
2A,2021-10-01,82593.9045,84258.0,0.9802500000000001,2021-10-01
2A,2021-11-01,79929.585,81540.0,0.9802500000000001,2021-10-01
2A,2021-12-01,82593.9045,84258.0,0.9802500000000001,2021-10-01
2B,2021-10-01,16787.43,16957.0,0.99,2021-10-01
2B,2021-11-01,16245.9,16410.0,0.99,2021-10-01
2B,2021-12-01,16787.43,16957.0,0.99,2021-10-01
2C,2021-10-01,28418.94,28706.0,0.99,2021-10-01
2C,2021-11-01,27502.2,27780.0,0.99,2021-10-01
2C,2021-12-01,28418.94,28706.0,0.99,2021-10-01
3A,2021-10-01,22626.4784,23126.0,0.9784,2021-10-01
3A,2021-11-01,21896.591999999997,22380.0,0.9783999999999998,2021-10-01
3A,2021-12-01,22626.4784,23126.0,0.9784,2021-10-01
3B,2021-10-01,153695.706,158286.0,0.9710000000000001,2021-10-01
3B,2021-11-01,148737.78,153180.0,0.971,2021-10-01
3B,2021-12-01,153695.706,158286.0,0.9710000000000001,2021-10-01
3C,2021-10-01,108366.39,109461.0,0.99,2021-10-01
3C,2021-11-01,104870.7,105930.0,0.99,2021-10-01
3C,2021-12-01,108366.39,109461.0,0.99,2021-10-01
3D,2021-10-01,4798.0001999999995,7998.0,0.5999,2021-10-01
3D,2021-11-01,4643.226,7740.0,0.5999,2021-10-01
3D,2021-12-01,4798.0001999999995,7998.0,0.5999,2021-10-01
3E,2021-10-01,3375.9,3410.0,0.99,2021-10-01
3E,2021-11-01,3267.0,3300.0,0.99,2021-10-01
3E,2021-12-01,3375.9,3410.0,0.99,2021-10-01
P4,2021-10-01,19696.9257,20367.0,0.9671,2021-10-01
P4,2021-11-01,19061.540999999997,19710.0,0.9670999999999998,2021-10-01
P4,2021-12-01,19696.9257,20367.0,0.9671,2021-10-01
P5,2021-10-01,81538.4661,84134.0,0.9691500000000001,2021-10-01
P5,2021-11-01,78908.193,81420.0,0.96915,2021-10-01
P5,2021-12-01,81538.4661,84134.0,0.9691500000000001,2021-10-01
EC,2021-11-01,20399.04,21600.0,0.9444,2021-11-01
EC,2021-12-01,21079.008,22320.0,0.9444000000000001,2021-11-01
EC,2022-01-01,21079.008,22320.0,0.9444000000000001,2021-11-01
AP,2021-11-01,2037.4199999999998,2940.0,0.693,2021-11-01
AP,2021-12-01,2105.334,3038.0,0.693,2021-11-01
AP,2022-01-01,2105.334,3038.0,0.693,2021-11-01
2A,2021-11-01,79929.585,81540.0,0.9802500000000001,2021-11-01
2A,2021-12-01,82593.9045,84258.0,0.9802500000000001,2021-11-01
2A,2022-01-01,82593.9045,84258.0,0.9802500000000001,2021-11-01
2B,2021-11-01,16245.9,16410.0,0.99,2021-11-01
2B,2021-12-01,16787.43,16957.0,0.99,2021-11-01
2B,2022-01-01,16787.43,16957.0,0.99,2021-11-01
2C,2021-11-01,27502.2,27780.0,0.99,2021-11-01
2C,2021-12-01,28418.94,28706.0,0.99,2021-11-01
2C,2022-01-01,28418.94,28706.0,0.99,2021-11-01
3A,2021-11-01,21896.591999999997,22380.0,0.9783999999999998,2021-11-01
3A,2021-12-01,22626.4784,23126.0,0.9784,2021-11-01
3A,2022-01-01,22626.4784,23126.0,0.9784,2021-11-01
3B,2021-11-01,148737.78,153180.0,0.971,2021-11-01
3B,2021-12-01,153695.706,158286.0,0.9710000000000001,2021-11-01
3B,2022-01-01,153695.706,158286.0,0.9710000000000001,2021-11-01
3C,2021-11-01,104870.7,105930.0,0.99,2021-11-01
3C,2021-12-01,108366.39,109461.0,0.99,2021-11-01
3C,2022-01-01,108366.39,109461.0,0.99,2021-11-01
3D,2021-11-01,6633.18,7740.0,0.857,2021-11-01
3D,2021-12-01,6854.286,7998.0,0.857,2021-11-01
3D,2022-01-01,6854.286,7998.0,0.857,2021-11-01
3E,2021-11-01,3267.0,3300.0,0.99,2021-11-01
3E,2021-12-01,3375.9,3410.0,0.99,2021-11-01
3E,2022-01-01,3375.9,3410.0,0.99,2021-11-01
P4,2021-11-01,19061.540999999997,19710.0,0.9670999999999998,2021-11-01
P4,2021-12-01,19696.9257,20367.0,0.9671,2021-11-01
P4,2022-01-01,19696.9257,20367.0,0.9671,2021-11-01
P5,2021-11-01,78937.2675,81450.0,0.9691500000000001,2021-11-01
P5,2021-12-01,81568.50975000001,84165.0,0.9691500000000002,2021-11-01
P5,2022-01-01,81568.50975000001,84165.0,0.9691500000000002,2021-11-01
EC,2021-12-01,21079.008,22320.0,0.9444000000000001,2021-12-01
EC,2022-01-01,21079.008,22320.0,0.9444000000000001,2021-12-01
EC,2022-02-01,19039.104,20160.0,0.9444,2021-12-01
AP,2021-12-01,2105.334,3038.0,0.693,2021-12-01
AP,2022-01-01,2105.334,3038.0,0.693,2021-12-01
AP,2022-02-01,1901.5919999999999,2744.0,0.693,2021-12-01
2A,2021-12-01,82593.9045,84258.0,0.9802500000000001,2021-12-01
2A,2022-01-01,82593.9045,84258.0,0.9802500000000001,2021-12-01
2A,2022-02-01,74600.94600000001,76104.0,0.9802500000000002,2021-12-01
2B,2021-12-01,16787.43,16957.0,0.99,2021-12-01
2B,2022-01-01,16787.43,16957.0,0.99,2021-12-01
2B,2022-02-01,15162.84,15316.0,0.99,2021-12-01
2C,2021-12-01,28418.94,28706.0,0.99,2021-12-01
2C,2022-01-01,28418.94,28706.0,0.99,2021-12-01
2C,2022-02-01,25668.72,25928.0,0.99,2021-12-01
3A,2021-12-01,15838.53488,23126.0,0.6848799999999999,2021-12-01
3A,2022-01-01,15838.53488,23126.0,0.6848799999999999,2021-12-01
3A,2022-02-01,14305.773439999997,20888.0,0.6848799999999998,2021-12-01
3B,2021-12-01,153695.706,158286.0,0.9710000000000001,2021-12-01
3B,2022-01-01,153695.706,158286.0,0.9710000000000001,2021-12-01
3B,2022-02-01,138821.92799999999,142968.0,0.9709999999999999,2021-12-01
3C,2021-12-01,108366.39,109461.0,0.99,2021-12-01
3C,2022-01-01,108366.39,109461.0,0.99,2021-12-01
3C,2022-02-01,97879.31999999999,98868.0,0.9899999999999999,2021-12-01
3D,2021-12-01,4798.56006,7998.0,0.59997,2021-12-01
3D,2022-01-01,4798.56006,7998.0,0.59997,2021-12-01
3D,2022-02-01,4334.18328,7224.0,0.59997,2021-12-01
3E,2021-12-01,3375.9,3410.0,0.99,2021-12-01
3E,2022-01-01,3375.9,3410.0,0.99,2021-12-01
3E,2022-02-01,3049.2,3080.0,0.99,2021-12-01
P4,2021-12-01,19696.9257,20367.0,0.9671,2021-12-01
P4,2022-01-01,19696.9257,20367.0,0.9671,2021-12-01
P4,2022-02-01,17790.7716,18396.0,0.9671,2021-12-01
P5,2021-12-01,81568.50975000001,84165.0,0.9691500000000002,2021-12-01
P5,2022-01-01,81568.50975000001,84165.0,0.9691500000000002,2021-12-01
P5,2022-02-01,73674.78300000001,76020.0,0.9691500000000002,2021-12-01
